-- phpMyAdmin SQL Dump
-- version 4.8.5
-- https://www.phpmyadmin.net/
--
-- Hôte : 127.0.0.1:3306
-- Généré le :  ven. 05 juil. 2019 à 15:03
-- Version du serveur :  5.7.26
-- Version de PHP :  7.2.18

SET SQL_MODE = "NO_AUTO_VALUE_ON_ZERO";
SET AUTOCOMMIT = 0;
START TRANSACTION;
SET time_zone = "+00:00";


/*!40101 SET @OLD_CHARACTER_SET_CLIENT=@@CHARACTER_SET_CLIENT */;
/*!40101 SET @OLD_CHARACTER_SET_RESULTS=@@CHARACTER_SET_RESULTS */;
/*!40101 SET @OLD_COLLATION_CONNECTION=@@COLLATION_CONNECTION */;
/*!40101 SET NAMES utf8mb4 */;

--
-- Base de données :  `catalogue`
--

-- --------------------------------------------------------

--
-- Structure de la table `app_user`
--

DROP TABLE IF EXISTS `app_user`;
CREATE TABLE IF NOT EXISTS `app_user` (
  `id` int(11) NOT NULL AUTO_INCREMENT,
  `email` varchar(180) COLLATE utf8mb4_unicode_ci NOT NULL,
  `roles` json NOT NULL,
  `password` varchar(255) COLLATE utf8mb4_unicode_ci NOT NULL,
  `created_at` datetime NOT NULL,
  PRIMARY KEY (`id`),
  UNIQUE KEY `UNIQ_88BDF3E9E7927C74` (`email`)
) ENGINE=InnoDB AUTO_INCREMENT=101 DEFAULT CHARSET=utf8mb4 COLLATE=utf8mb4_unicode_ci;

--
-- Déchargement des données de la table `app_user`
--

INSERT INTO `app_user` (`id`, `email`, `roles`, `password`, `created_at`) VALUES
(80, 'margaud.faivre@delmas.com', '[]', 'Voluptate quo omnis autem quam. Sunt ipsum eaque et temporibus enim eum. Ea sit ullam reprehenderit sint non. Sunt explicabo ut quia et perferendis neque est in. Deleniti dolorum architecto aut dolorem aliquam laborum.', '1995-10-19 01:43:18'),
(81, 'ysanchez@noel.net', '[]', 'Ad ab accusantium et hic. Assumenda voluptatum magni error et consequatur aut. Molestiae pariatur nihil nobis culpa molestiae mollitia quas. Eveniet atque ut nihil expedita ea at sint.', '1974-06-11 02:40:34'),
(82, 'menard.virginie@rey.org', '[]', 'Aspernatur facilis nisi blanditiis sunt minima aliquam. Atque ipsam deleniti cum repellendus. Facere in aut nulla autem eum ratione. Aut accusantium voluptatibus ea.', '1980-02-03 09:30:46'),
(83, 'bertrand64@leclercq.fr', '[]', 'Illo dignissimos ad autem omnis sint sit quae. Et et dignissimos nisi unde qui. Aperiam odio ea voluptatem blanditiis. Quas reiciendis error tempora et. Deserunt voluptatem molestiae iure itaque sit nulla.', '1974-03-30 21:35:46'),
(84, 'william.gilles@sfr.fr', '[]', 'Delectus provident cum dignissimos nisi vel nesciunt. Non inventore illum officia provident sint earum soluta maiores. Ut consequatur ex tenetur et voluptatum ea. Dolorum quo autem cum aliquam.', '2006-09-12 02:19:12'),
(85, 'nmorel@wanadoo.fr', '[]', 'Sequi soluta ea accusamus quod. At consequatur rerum voluptate aspernatur ipsum occaecati repudiandae. Cumque debitis ut quo necessitatibus perspiciatis amet. Dolor dicta ut qui maxime est architecto eligendi.', '2001-06-24 09:53:48'),
(86, 'zacharie.brunel@dbmail.com', '[]', 'Rerum rem voluptates eveniet dolorem est. Nobis tempore harum iusto facilis. Ex repellendus sapiente quis nostrum incidunt qui aut. Eius fuga voluptas dolores nostrum. Nihil sed voluptatum vitae aliquam rem.', '2002-02-27 09:57:03'),
(87, 'matthieu15@orange.fr', '[]', 'Reiciendis quos et aut aut aut enim. Minus commodi mollitia aut quia. Fugit eos quaerat dolor rem exercitationem. Animi corrupti perferendis provident nesciunt.', '2015-05-11 15:37:45'),
(88, 'fontaine.nathalie@live.com', '[]', 'Aut sed et ut ut aperiam. Error recusandae asperiores rerum vero est. Quo et quo natus qui deleniti. Quia eos et animi est quibusdam illum adipisci. Reiciendis quo aspernatur impedit delectus.', '1993-02-18 12:15:10'),
(89, 'caroline.vaillant@ifrance.com', '[]', 'Ea corporis aut officia ut pariatur maxime vero. Praesentium odit odit assumenda accusantium vero molestiae. Dolores omnis fugit quasi possimus magni velit.', '2017-01-27 22:23:50'),
(90, 'merle.marianne@pineau.net', '[]', 'Voluptate vel ipsum quas quo. Nemo voluptates occaecati et explicabo qui beatae.', '2003-06-12 10:21:50'),
(91, 'paul.godard@dbmail.com', '[]', 'Dolorum ea saepe in dolorem sed excepturi autem. Necessitatibus dolorem aliquam aut quis porro similique. Iusto inventore tenetur placeat consequatur corrupti ipsam odio. Voluptatum ab ad nesciunt rerum odit ullam iure explicabo. Aut et sit qui et.', '2015-07-30 12:04:50'),
(92, 'qgarcia@sfr.fr', '[]', 'Officiis qui assumenda expedita impedit dolores qui optio qui. Ipsam voluptatem doloremque ut doloremque consequatur. Rerum unde dolor ut consequatur quia amet et quibusdam.', '1984-05-13 14:35:33'),
(93, 'wtecher@grondin.com', '[]', 'Id laudantium velit id ut. Architecto iste molestias architecto. Placeat consequatur rerum velit laudantium est dolorum numquam. Maiores nulla qui fuga.', '1984-06-28 20:18:03'),
(94, 'adrien77@wanadoo.fr', '[]', 'Consequatur cupiditate est omnis animi. Exercitationem ut vitae vero voluptatem quia voluptas commodi dolor. Dolorum repudiandae velit libero cupiditate est.', '2014-11-24 22:08:00'),
(95, 'laurent28@vallet.fr', '[]', 'Omnis ratione blanditiis et ea nihil iure in. Quia quibusdam non dolorum dolorem doloribus necessitatibus. Tenetur nesciunt quia a reiciendis maiores consequatur. Ea dolorem et rerum natus sed quaerat nihil.', '2010-11-01 07:02:55'),
(96, 'allain.alice@lefevre.fr', '[]', 'Molestiae beatae cupiditate tenetur quia nostrum eius sed. Odio amet quibusdam animi voluptatum repellat illum enim. Odio perferendis consequatur quas explicabo.', '1994-06-12 11:02:23'),
(97, 'lejeune.astrid@raymond.com', '[]', 'Consectetur minus est ratione dolorum. Deleniti ratione ut cum labore id nostrum laudantium. Nobis voluptatem nobis exercitationem possimus a.', '1975-03-25 10:59:12'),
(98, 'dguillet@marchal.com', '[]', 'Facere inventore deserunt repellat dolores voluptatem. Impedit voluptas dolor quam molestiae labore. Accusamus unde nulla rem commodi cum.', '1990-09-18 17:22:42'),
(99, 'denis.boulay@dupre.fr', '[]', 'Labore autem eos provident voluptas ab mollitia. Quas hic ratione iste quos alias mollitia. Vel minus labore eius quaerat dicta dolorum neque.', '2014-09-16 20:41:13'),
(100, 't.verhaeghe@free.fr', '[\"ROLE_SUPER_ADMIN\"]', '$argon2i$v=19$m=1024,t=2,p=2$YXFVSGlOUzhoM0o4RmQ4Zg$X54mkI1kwjFR33SrQt+wQAGrVj/lXCHGDV//h0d17co', '2019-07-05 14:05:23');

-- --------------------------------------------------------

--
-- Structure de la table `category`
--

DROP TABLE IF EXISTS `category`;
CREATE TABLE IF NOT EXISTS `category` (
  `id` int(11) NOT NULL AUTO_INCREMENT,
  `name` varchar(64) COLLATE utf8mb4_unicode_ci NOT NULL,
  PRIMARY KEY (`id`)
) ENGINE=InnoDB AUTO_INCREMENT=54 DEFAULT CHARSET=utf8mb4 COLLATE=utf8mb4_unicode_ci;

--
-- Déchargement des données de la table `category`
--

INSERT INTO `category` (`id`, `name`) VALUES
(44, 'Nihil sed tenetur maxime dolor.'),
(45, 'Omnis eveniet harum voluptatem officia nihil aut commodi eos.'),
(46, 'Iusto omnis earum eaque nesciunt minus corporis non.'),
(47, 'Eveniet cum qui aut illo.'),
(48, 'Dolor ipsum sunt quam accusantium numquam. Quidem rerum eos et.'),
(49, 'Quo eos aut unde tenetur enim recusandae est praesentium.'),
(50, 'Nisi neque consequatur similique et.'),
(51, 'Voluptates ipsam aperiam voluptas repellendus natus.'),
(52, 'Est laboriosam error voluptatibus qui dolorem aliquid.'),
(53, 'Fugiat eligendi ipsum molestias aut non reiciendis sit.');

-- --------------------------------------------------------

--
-- Structure de la table `migration_versions`
--

DROP TABLE IF EXISTS `migration_versions`;
CREATE TABLE IF NOT EXISTS `migration_versions` (
  `version` varchar(14) COLLATE utf8mb4_unicode_ci NOT NULL,
  `executed_at` datetime NOT NULL COMMENT '(DC2Type:datetime_immutable)',
  PRIMARY KEY (`version`)
) ENGINE=InnoDB DEFAULT CHARSET=utf8mb4 COLLATE=utf8mb4_unicode_ci;

--
-- Déchargement des données de la table `migration_versions`
--

INSERT INTO `migration_versions` (`version`, `executed_at`) VALUES
('20190625130739', '2019-07-01 07:21:06'),
('20190626113939', '2019-07-01 07:21:06'),
('20190626140643', '2019-07-01 07:21:07'),
('20190627082856', '2019-07-01 07:21:07'),
('20190628090119', '2019-07-01 07:21:07'),
('20190701082411', '2019-07-01 08:24:51'),
('20190701124447', '2019-07-01 12:45:01'),
('20190702135914', '2019-07-02 14:00:47'),
('20190703103544', '2019-07-03 10:37:32'),
('20190703103828', '2019-07-03 10:38:45');

-- --------------------------------------------------------

--
-- Structure de la table `produit`
--

DROP TABLE IF EXISTS `produit`;
CREATE TABLE IF NOT EXISTS `produit` (
  `id` int(11) NOT NULL AUTO_INCREMENT,
  `name` varchar(255) COLLATE utf8mb4_unicode_ci NOT NULL,
  `description` longtext COLLATE utf8mb4_unicode_ci NOT NULL,
  `price` decimal(9,2) NOT NULL,
  `creation_date` datetime NOT NULL,
  `modified_date` datetime DEFAULT NULL,
  `is_published` tinyint(1) DEFAULT NULL,
  `image_name` varchar(255) COLLATE utf8mb4_unicode_ci DEFAULT NULL,
  `categories_id` int(11) NOT NULL,
  `slug` varchar(255) COLLATE utf8mb4_unicode_ci NOT NULL,
  `nb_views` int(11) DEFAULT NULL,
  `author_id` int(11) NOT NULL,
  PRIMARY KEY (`id`),
  UNIQUE KEY `UNIQ_29A5EC27989D9B62` (`slug`),
  KEY `IDX_29A5EC27A21214B7` (`categories_id`),
  KEY `IDX_29A5EC27F675F31B` (`author_id`)
) ENGINE=InnoDB AUTO_INCREMENT=800 DEFAULT CHARSET=utf8mb4 COLLATE=utf8mb4_unicode_ci;

--
-- Déchargement des données de la table `produit`
--

INSERT INTO `produit` (`id`, `name`, `description`, `price`, `creation_date`, `modified_date`, `is_published`, `image_name`, `categories_id`, `slug`, `nb_views`, `author_id`) VALUES
(603, 'Consequuntur minima excepturi eius similique. Nisi qui saepe possimus a debitis porro. Dolorum consequuntur magni ullam deserunt aliquam dolores eum. Commodi tempore fuga ea delectus aut sit atque et.', 'Est qui ut quia aut sit aliquid. Omnis in dolores iste ab sequi vitae. Ut laudantium consequatur mollitia et. Earum ut et eum consequuntur inventore.', '1077732.00', '2019-07-05 13:53:29', '2019-07-05 14:30:35', 1, 'parasol.jpg', 45, 'consequuntur-minima-excepturi-eius-similique-nisi-qui-saepe-possimus-a-debitis-porro-dolorum-consequuntur-magni-ullam-deserunt-aliquam-dolores-eum-commodi-tempore-fuga-ea-delectus-aut-sit-atque-et', 1, 81),
(604, 'Sed consequatur et possimus iste eligendi. Explicabo harum earum aperiam exercitationem excepturi. Maiores omnis iste rerum molestiae inventore. Facilis incidunt non in dolorem. Nihil consequatur dolores minima et voluptate.', 'Iusto minima odit excepturi reprehenderit et autem. Reprehenderit molestiae adipisci doloremque nam nisi earum dolore itaque. Aut voluptatem et ullam eligendi eum praesentium qui.', '5790997.00', '2019-07-05 13:53:29', '2018-11-30 20:11:22', 0, 'seau-de-plage1561969551.jpeg', 50, 'sed-consequatur-et-possimus-iste-eligendi-explicabo-harum-earum-aperiam-exercitationem-excepturi-maiores-omnis-iste-rerum-molestiae-inventore-facilis-incidunt-non-in-dolorem-nihil-consequatur-dolores-minima-et-voluptate', 0, 96),
(605, 'Cumque praesentium vel et est tempore enim soluta quo. Esse ad ipsam voluptatem officia voluptas est. A molestias quo eveniet quis vel rerum voluptas.', 'Vel tempore ratione dicta ullam eum et. Similique aliquam harum illum aspernatur. Molestias tempore velit dolore omnis atque dignissimos illo.', '5736369.00', '2019-07-05 13:53:29', '2006-07-10 16:00:51', 0, 'salon-de-jardin1561969249.jpeg', 50, 'cumque-praesentium-vel-et-est-tempore-enim-soluta-quo-esse-ad-ipsam-voluptatem-officia-voluptas-est-a-molestias-quo-eveniet-quis-vel-rerum-voluptas', 0, 81),
(606, 'Velit omnis occaecati illum nam. Dolore doloremque molestiae laborum ut iusto. Et odit cum rerum nisi. Odit quo quia omnis qui cupiditate impedit.', 'Ad necessitatibus facere tenetur unde ut et. Omnis quia illo earum beatae autem quo. Sed dolorem quos exercitationem doloribus deleniti. Velit occaecati rem totam ipsum mollitia aliquam et.', '6415332.00', '2019-07-05 13:53:29', '1979-10-20 15:46:12', 0, 'table1561727671.jpeg', 44, 'velit-omnis-occaecati-illum-nam-dolore-doloremque-molestiae-laborum-ut-iusto-et-odit-cum-rerum-nisi-odit-quo-quia-omnis-qui-cupiditate-impedit', 0, 85),
(607, 'Unde fugiat sunt alias odit blanditiis voluptates. Molestias a autem est sit quia delectus provident. Quibusdam in quis dolores reiciendis recusandae dolores ratione. Dolor fugit sed consequuntur necessitatibus consectetur distinctio.', 'Consequatur molestias qui doloribus velit. Odit inventore esse enim dolorem quia recusandae sed. Ipsum necessitatibus eveniet ullam rerum. Ab voluptas ut id odit sit illo.', '8318047.00', '2019-07-05 13:53:29', '1981-11-22 07:14:59', 0, 'volley.jpg', 50, 'unde-fugiat-sunt-alias-odit-blanditiis-voluptates-molestias-a-autem-est-sit-quia-delectus-provident-quibusdam-in-quis-dolores-reiciendis-recusandae-dolores-ratione-dolor-fugit-sed-consequuntur-necessitatibus-consectetur-distinctio', 0, 89),
(608, 'Sequi cupiditate deleniti perferendis sint. Et necessitatibus non cupiditate aut aspernatur. A voluptatem nostrum animi aut similique consequatur rerum ut. Ex est numquam magni esse. Autem asperiores eveniet ad consequuntur.', 'Voluptatem sed perspiciatis aut. Distinctio aut porro iure rerum ipsum nam qui minus. Magni ipsum et repellat illum placeat.', '2758052.00', '2019-07-05 13:53:29', '2019-07-05 15:00:48', 1, 'volley.jpg', 48, 'sequi-cupiditate-deleniti-perferendis-sint-et-necessitatibus-non-cupiditate-aut-aspernatur-a-voluptatem-nostrum-animi-aut-similique-consequatur-rerum-ut-ex-est-numquam-magni-esse-autem-asperiores-eveniet-ad-consequuntur', 9, 91),
(609, 'Laudantium unde sint aliquid velit et assumenda. Placeat itaque corporis sit dolor at rerum. Eligendi deleniti deleniti nihil nihil.', 'Sint voluptatem aut soluta eius doloribus asperiores. Voluptatem libero deleniti saepe autem. Et nostrum laborum nam tempora sint tempora aut. Non est totam deleniti.', '2583550.00', '2019-07-05 13:53:29', '2017-10-25 02:42:01', 1, 'salon-de-jardin1561969249.jpeg', 44, 'laudantium-unde-sint-aliquid-velit-et-assumenda-placeat-itaque-corporis-sit-dolor-at-rerum-eligendi-deleniti-deleniti-nihil-nihil', 0, 94),
(610, 'Non dicta incidunt atque. Eum dolor exercitationem quaerat eum veniam laboriosam. Quia eligendi animi ut consequatur quo autem. Molestiae quod fuga vel expedita.', 'Asperiores quia fugiat illo voluptatem. Perspiciatis blanditiis iste accusantium quo optio eos et. Quaerat vel tenetur rerum et.', '4276764.00', '2019-07-05 13:53:29', '1986-01-10 23:50:58', 0, 'table1561727671.jpeg', 51, 'non-dicta-incidunt-atque-eum-dolor-exercitationem-quaerat-eum-veniam-laboriosam-quia-eligendi-animi-ut-consequatur-quo-autem-molestiae-quod-fuga-vel-expedita', 0, 88),
(611, 'Nesciunt perferendis itaque et quis sit dolore. Est nam aut dicta et. Fugiat sed nisi adipisci. Velit voluptas possimus alias. Nesciunt error aut ut corrupti architecto alias. Suscipit repellat esse dolor deserunt.', 'Molestias dicta eaque quo eos quis voluptatem. Maiores et fugiat quia dolor. Ut nam in est quis dolorem ut ut. In reprehenderit amet ab vero.', '9770233.00', '2019-07-05 13:53:29', '2017-10-21 06:49:15', 1, 'chaise.jpg', 52, 'nesciunt-perferendis-itaque-et-quis-sit-dolore-est-nam-aut-dicta-et-fugiat-sed-nisi-adipisci-velit-voluptas-possimus-alias-nesciunt-error-aut-ut-corrupti-architecto-alias-suscipit-repellat-esse-dolor-deserunt', 0, 87),
(612, 'In ut vero eaque pariatur aut. Quia quo numquam autem quia id ratione saepe. Nostrum rerum pariatur at maiores officia non. Ad sit modi placeat unde voluptatem quia dolorem.', 'Molestiae dolor totam nihil illo ea possimus atque iste. Qui nihil corrupti et eum doloribus eaque. Assumenda dolorem incidunt veniam illum quibusdam facilis qui.', '5758120.00', '2019-07-05 13:53:29', '1999-11-04 22:13:46', 1, 'piscine.jpg', 44, 'in-ut-vero-eaque-pariatur-aut-quia-quo-numquam-autem-quia-id-ratione-saepe-nostrum-rerum-pariatur-at-maiores-officia-non-ad-sit-modi-placeat-unde-voluptatem-quia-dolorem', 0, 96),
(613, 'Doloremque dolores et ullam pariatur. Dolor libero consectetur aliquid omnis sint dolores. Voluptas sunt in odit et possimus dolorum quas saepe.', 'Hic sit non exercitationem impedit. Possimus recusandae rerum numquam quo incidunt nam. Molestias dicta et amet excepturi corporis.', '2553161.00', '2019-07-05 13:53:29', '1979-03-20 06:29:30', 1, 'salon-de-jardin1561969249.jpeg', 46, 'doloremque-dolores-et-ullam-pariatur-dolor-libero-consectetur-aliquid-omnis-sint-dolores-voluptas-sunt-in-odit-et-possimus-dolorum-quas-saepe', 0, 99),
(614, 'Voluptatem eum fuga ut. Ullam aliquid esse molestiae autem hic. Voluptatem temporibus fuga dolores repellat impedit deleniti. Laboriosam qui magnam tenetur. Vel qui hic qui ab omnis molestiae aut. Repellat itaque sit iure expedita ducimus ipsam ut ullam.', 'Ratione dolore quasi inventore illo cupiditate nulla rerum. Repellendus sint et eligendi ea et cumque qui. Aut aut asperiores cum dolor.', '8660803.00', '2019-07-05 13:53:29', '2014-04-22 07:46:46', 0, 'parasol.jpg', 47, 'voluptatem-eum-fuga-ut-ullam-aliquid-esse-molestiae-autem-hic-voluptatem-temporibus-fuga-dolores-repellat-impedit-deleniti-laboriosam-qui-magnam-tenetur-vel-qui-hic-qui-ab-omnis-molestiae-aut-repellat-itaque-sit-iure-expedita-ducimus-ipsam-ut-ullam', 0, 93),
(615, 'Et optio tempora vero. Ea quasi sit occaecati at reiciendis doloremque. Est dolorem natus id rerum dignissimos exercitationem et.', 'Veritatis officiis maiores nesciunt necessitatibus accusamus. Quis explicabo odio pariatur qui fuga quis. Sit assumenda architecto excepturi assumenda amet beatae.', '7087926.00', '2019-07-05 13:53:29', '1994-11-01 02:35:21', 0, 'table1561727671.jpeg', 53, 'et-optio-tempora-vero-ea-quasi-sit-occaecati-at-reiciendis-doloremque-est-dolorem-natus-id-rerum-dignissimos-exercitationem-et', 0, 83),
(616, 'Ipsam ullam omnis eum ut odio. Eos non in iste aut itaque. Cumque similique neque dignissimos exercitationem voluptatum veritatis. Rem occaecati dolor culpa autem dignissimos. Iusto numquam magnam dolore.', 'Est et ea architecto qui nihil. Id unde et aliquam nihil error laborum tempore. Delectus neque accusamus labore veritatis consequuntur dolores dolor aut.', '3797141.00', '2019-07-05 13:53:29', '1992-09-26 07:35:35', 1, 'parasol.jpg', 53, 'ipsam-ullam-omnis-eum-ut-odio-eos-non-in-iste-aut-itaque-cumque-similique-neque-dignissimos-exercitationem-voluptatum-veritatis-rem-occaecati-dolor-culpa-autem-dignissimos-iusto-numquam-magnam-dolore', 0, 99),
(617, 'Fugiat eos maiores ut velit. Vitae aut est voluptate exercitationem impedit. Enim voluptatum error sequi est.', 'Quasi cumque rerum ipsam et reprehenderit. Et doloribus id repellat delectus dolores sunt molestiae. Minus voluptatibus consectetur voluptatem.', '8055273.00', '2019-07-05 13:53:29', '2010-04-06 22:07:10', 1, 'chaise.jpg', 51, 'fugiat-eos-maiores-ut-velit-vitae-aut-est-voluptate-exercitationem-impedit-enim-voluptatum-error-sequi-est', 0, 93),
(618, 'Illum autem possimus accusantium et. Quis aut quia architecto. Et molestiae necessitatibus rerum. Repellat laborum odio ipsum.', 'Cum quam earum expedita inventore est voluptatem. Quos rerum ad officiis ut exercitationem delectus odio. Animi incidunt eveniet doloremque quia. Nisi nisi illo nesciunt voluptate enim vitae veniam.', '9080604.00', '2019-07-05 13:53:29', '1993-05-12 12:18:29', 0, 'hamac.jpg', 48, 'illum-autem-possimus-accusantium-et-quis-aut-quia-architecto-et-molestiae-necessitatibus-rerum-repellat-laborum-odio-ipsum', 0, 92),
(619, 'Ut dicta aperiam provident ad exercitationem. Non quas cupiditate distinctio ut harum repudiandae. Exercitationem at est quod doloremque vero.', 'Similique iusto pariatur est qui. Perspiciatis corrupti tempora dolore ut error id id quos. Id est dolore vel quo.', '8541026.00', '2019-07-05 13:53:29', '1982-07-23 14:59:37', 1, 'hamac.jpg', 44, 'ut-dicta-aperiam-provident-ad-exercitationem-non-quas-cupiditate-distinctio-ut-harum-repudiandae-exercitationem-at-est-quod-doloremque-vero', 0, 95),
(620, 'Provident quae officiis dolorum est voluptatem. Quia possimus vel porro molestias. Id minima non omnis et sequi vero.', 'Ut officia et nostrum ad et. Voluptates debitis vero ex. Aliquid nam hic ab vitae ipsum facere natus. Explicabo amet quae ut. Reiciendis alias sint tempore suscipit veritatis est.', '9862725.00', '2019-07-05 13:53:29', '2009-09-14 20:10:19', 0, 'table1561727671.jpeg', 44, 'provident-quae-officiis-dolorum-est-voluptatem-quia-possimus-vel-porro-molestias-id-minima-non-omnis-et-sequi-vero', 0, 99),
(621, 'Aliquid perspiciatis praesentium voluptatibus fuga. Ex illum eum assumenda. Quia assumenda assumenda aliquam velit quis. Perferendis consequatur perferendis ut in.', 'Unde laborum quia id mollitia voluptas repellat quibusdam. Sunt est excepturi qui. Itaque placeat sit dolorem.', '1113527.00', '2019-07-05 13:53:29', '1981-11-13 15:00:52', 0, 'table1561727671.jpeg', 52, 'aliquid-perspiciatis-praesentium-voluptatibus-fuga-ex-illum-eum-assumenda-quia-assumenda-assumenda-aliquam-velit-quis-perferendis-consequatur-perferendis-ut-in', 0, 92),
(622, 'Sunt omnis voluptas natus. Provident aut ut sapiente ipsum quod. Atque cum est totam nostrum et quos. Non dolor vitae porro.', 'Dolores qui fuga dolorem et ut. Voluptatum cum aliquid enim eveniet sit et. Expedita cupiditate sunt deleniti.', '6067019.00', '2019-07-05 13:53:29', '2008-10-29 19:47:10', 0, 'table1561727671.jpeg', 53, 'sunt-omnis-voluptas-natus-provident-aut-ut-sapiente-ipsum-quod-atque-cum-est-totam-nostrum-et-quos-non-dolor-vitae-porro', 0, 80),
(623, 'Officia minus debitis minima velit voluptatem dolores. Qui deleniti labore libero mollitia. Exercitationem cupiditate accusamus laborum vero maxime. Rem et veritatis sit provident temporibus hic dolorem dolor.', 'Aut unde reiciendis sapiente placeat voluptas magnam. Autem id molestiae quidem quae. Ab repellendus laborum blanditiis alias iste aspernatur.', '2480924.00', '2019-07-05 13:53:29', '2016-03-22 14:38:00', 0, 'volley.jpg', 52, 'officia-minus-debitis-minima-velit-voluptatem-dolores-qui-deleniti-labore-libero-mollitia-exercitationem-cupiditate-accusamus-laborum-vero-maxime-rem-et-veritatis-sit-provident-temporibus-hic-dolorem-dolor', 0, 89),
(624, 'Explicabo reprehenderit eum molestias minima est ut. Tempora sed aut placeat pariatur qui doloribus commodi. Quibusdam ut facilis est dolore odio.', 'Quia eum itaque nobis nostrum aut consequuntur. Cum nam amet ad voluptatem voluptatibus aut corrupti quas. Nobis nihil quidem perspiciatis in optio est.', '7628182.00', '2019-07-05 13:53:29', '1982-09-21 11:56:35', 1, 'hamac.jpg', 46, 'explicabo-reprehenderit-eum-molestias-minima-est-ut-tempora-sed-aut-placeat-pariatur-qui-doloribus-commodi-quibusdam-ut-facilis-est-dolore-odio', 0, 80),
(625, 'Beatae dolores esse ipsam quasi. Repudiandae deserunt reprehenderit eum ducimus magni qui. Vitae et et unde quod debitis odio in earum.', 'Praesentium dolorem minima deserunt harum corporis. Harum quis assumenda nobis asperiores illum nobis tenetur. Aut quis quasi consequatur ducimus. Odit alias delectus neque sequi.', '1172309.00', '2019-07-05 13:53:29', '1976-12-18 11:35:29', 1, 'salon-de-jardin1561969249.jpeg', 46, 'beatae-dolores-esse-ipsam-quasi-repudiandae-deserunt-reprehenderit-eum-ducimus-magni-qui-vitae-et-et-unde-quod-debitis-odio-in-earum', 0, 88),
(626, 'Corrupti dolores eum sunt non quibusdam. Repellat officiis illo consequatur minima ad recusandae fuga. Recusandae minima dolorum et expedita.', 'Eveniet est autem modi et est error. Commodi necessitatibus quia omnis numquam eaque quisquam saepe. Sint necessitatibus consequatur porro repellat voluptatem ea.', '3443598.00', '2019-07-05 13:53:29', '1971-06-22 21:20:29', 0, 'table1561727671.jpeg', 52, 'corrupti-dolores-eum-sunt-non-quibusdam-repellat-officiis-illo-consequatur-minima-ad-recusandae-fuga-recusandae-minima-dolorum-et-expedita', 0, 88),
(627, 'Error necessitatibus doloribus exercitationem impedit. Sequi similique veritatis fugiat occaecati. Non deserunt illo numquam reprehenderit et sit voluptas velit. Ut vero autem et impedit ut nesciunt quis.', 'Laborum cupiditate quidem ipsa aut rerum et. Ex eos velit iste id. Voluptatum perspiciatis ab deleniti quidem omnis dolor quis. Itaque eveniet optio qui ut.', '6261773.00', '2019-07-05 13:53:29', '2019-06-29 18:27:44', 0, 'seau-de-plage1561969551.jpeg', 47, 'error-necessitatibus-doloribus-exercitationem-impedit-sequi-similique-veritatis-fugiat-occaecati-non-deserunt-illo-numquam-reprehenderit-et-sit-voluptas-velit-ut-vero-autem-et-impedit-ut-nesciunt-quis', 0, 86),
(628, 'Fugit in illum quas. Nam velit cumque quo quas quis dignissimos possimus. Ea non ut voluptatem error sed ut omnis vitae. Officiis quasi sit nemo ducimus non quis.', 'Commodi porro minima dolor debitis. Facilis veniam natus voluptates eum. Rem nihil eum eum facere pariatur omnis. Optio at quo esse ipsa qui enim delectus voluptatem.', '3566588.00', '2019-07-05 13:53:29', '1996-11-19 06:48:03', 1, 'hamac.jpg', 50, 'fugit-in-illum-quas-nam-velit-cumque-quo-quas-quis-dignissimos-possimus-ea-non-ut-voluptatem-error-sed-ut-omnis-vitae-officiis-quasi-sit-nemo-ducimus-non-quis', 0, 85),
(629, 'Velit sit corporis deleniti aut consequatur. Est nobis voluptas at veniam iure voluptatum beatae. Repellat nisi non a qui ipsa ut. Neque magnam earum quibusdam voluptatem ut. Quasi ut vitae est. Exercitationem expedita ipsa doloribus rerum quaerat.', 'Quos harum id numquam ipsam. Illo et molestias voluptas occaecati eos. Sed maxime enim hic minima quo.', '6893208.00', '2019-07-05 13:53:29', '2008-03-21 11:13:28', 1, 'salon-de-jardin1561969249.jpeg', 48, 'velit-sit-corporis-deleniti-aut-consequatur-est-nobis-voluptas-at-veniam-iure-voluptatum-beatae-repellat-nisi-non-a-qui-ipsa-ut-neque-magnam-earum-quibusdam-voluptatem-ut-quasi-ut-vitae-est-exercitationem-expedita-ipsa-doloribus-rerum-quaerat', 0, 88),
(630, 'Officia quis eum odio est quis. Quaerat voluptas debitis consequatur porro nesciunt corrupti voluptate. Et nulla eos modi et velit. Est qui ut recusandae quos assumenda doloribus voluptatem.', 'Eligendi minus accusantium assumenda eaque laborum. Tempore ex tenetur mollitia blanditiis animi. Aperiam facilis et provident voluptatibus. Vero a nemo vel et illum sunt odio quo.', '9117209.00', '2019-07-05 13:53:29', '1972-03-06 18:23:15', 1, 'parasol.jpg', 51, 'officia-quis-eum-odio-est-quis-quaerat-voluptas-debitis-consequatur-porro-nesciunt-corrupti-voluptate-et-nulla-eos-modi-et-velit-est-qui-ut-recusandae-quos-assumenda-doloribus-voluptatem', 0, 81),
(631, 'Blanditiis impedit repellat voluptas molestiae iure ut veritatis in. Saepe reiciendis maiores sit saepe consectetur. Nam nihil occaecati animi et. Ut sint vel iure vitae praesentium qui impedit. Atque voluptatem eveniet quod officiis incidunt ea.', 'Sit officia beatae minus expedita quibusdam odit at. Aut vel voluptatum harum ea sed.', '6821616.00', '2019-07-05 13:53:29', '2011-08-05 02:49:30', 0, 'parasol.jpg', 46, 'blanditiis-impedit-repellat-voluptas-molestiae-iure-ut-veritatis-in-saepe-reiciendis-maiores-sit-saepe-consectetur-nam-nihil-occaecati-animi-et-ut-sint-vel-iure-vitae-praesentium-qui-impedit-atque-voluptatem-eveniet-quod-officiis-incidunt-ea', 0, 99),
(632, 'Omnis sit mollitia velit nesciunt. Repellat delectus atque impedit tempora placeat impedit id eum. Necessitatibus quas nisi eum et nemo sed.', 'Amet quis rerum dolorem non accusantium fuga. Praesentium expedita sed et quo id impedit eius ut. Ad assumenda ea facere omnis ut blanditiis veritatis qui. Impedit modi officiis exercitationem ab.', '7815011.00', '2019-07-05 13:53:29', '1989-02-23 00:58:53', 1, 'piscine.jpg', 51, 'omnis-sit-mollitia-velit-nesciunt-repellat-delectus-atque-impedit-tempora-placeat-impedit-id-eum-necessitatibus-quas-nisi-eum-et-nemo-sed', 0, 92),
(633, 'Nobis aut nemo eos consequuntur. Maiores quia in ut voluptates voluptatem itaque. Iure at ut eos tempore minus sequi veniam.', 'Nulla facilis beatae praesentium in. Omnis asperiores dolorum dolore in quos mollitia illo dolorem. Deleniti sint temporibus quos tenetur voluptatum nulla.', '1620661.00', '2019-07-05 13:53:29', '1978-04-22 17:41:25', 0, 'hamac.jpg', 49, 'nobis-aut-nemo-eos-consequuntur-maiores-quia-in-ut-voluptates-voluptatem-itaque-iure-at-ut-eos-tempore-minus-sequi-veniam', 0, 85),
(634, 'Necessitatibus ex fugit quia voluptate quam minima iusto. Iste et et nulla. Non sed modi at id in nihil quos. Consequuntur sit et consequatur aperiam repellendus dignissimos quia.', 'Nulla est impedit quia laboriosam. Laboriosam reprehenderit id ad facere. Et aperiam doloremque magnam est nemo amet.', '8155630.00', '2019-07-05 13:53:29', '2009-12-01 12:44:37', 0, 'seau-de-plage1561969551.jpeg', 53, 'necessitatibus-ex-fugit-quia-voluptate-quam-minima-iusto-iste-et-et-nulla-non-sed-modi-at-id-in-nihil-quos-consequuntur-sit-et-consequatur-aperiam-repellendus-dignissimos-quia', 0, 97),
(635, 'Sed et adipisci rem velit voluptate. Voluptatibus nam sint est necessitatibus praesentium vero reiciendis. Modi ipsum explicabo ut incidunt. Ex ut dolor ea beatae sapiente numquam sint in.', 'Quia minima qui unde expedita aperiam. Similique incidunt distinctio doloribus quos minus. Magnam repellat illum eos aspernatur.', '1063671.00', '2019-07-05 13:53:29', '2001-11-14 10:05:47', 0, 'salon-de-jardin1561969249.jpeg', 53, 'sed-et-adipisci-rem-velit-voluptate-voluptatibus-nam-sint-est-necessitatibus-praesentium-vero-reiciendis-modi-ipsum-explicabo-ut-incidunt-ex-ut-dolor-ea-beatae-sapiente-numquam-sint-in', 0, 94),
(636, 'Tempore eligendi provident officiis. A iure voluptatem quis velit omnis. Velit quidem velit saepe reiciendis nemo voluptas.', 'Vel quam ut maiores assumenda aspernatur. Voluptatibus tenetur ipsam aut ea. Dolor consequatur voluptas et fugit velit et ducimus.', '6483756.00', '2019-07-05 13:53:29', '1980-11-04 18:27:29', 1, 'piscine.jpg', 45, 'tempore-eligendi-provident-officiis-a-iure-voluptatem-quis-velit-omnis-velit-quidem-velit-saepe-reiciendis-nemo-voluptas', 0, 87),
(637, 'Quam aut voluptatum aspernatur et et. Debitis voluptates sit recusandae ea. Libero veritatis fuga velit tempore recusandae officia perferendis excepturi.', 'Eligendi consequatur nihil repellendus quae. Aut est quia occaecati minus suscipit id quo praesentium. Et quia autem quia ad blanditiis hic incidunt error. Odio omnis qui id velit.', '6545784.00', '2019-07-05 13:53:29', '2006-03-22 20:12:55', 1, 'seau-de-plage1561969551.jpeg', 48, 'quam-aut-voluptatum-aspernatur-et-et-debitis-voluptates-sit-recusandae-ea-libero-veritatis-fuga-velit-tempore-recusandae-officia-perferendis-excepturi', 0, 92),
(638, 'Iste porro magnam magnam reiciendis consequatur quasi voluptates. Quia quo nulla aut magni hic. Occaecati quia quos repellat et.', 'Id ratione cum nulla totam. Optio in itaque placeat ut. Quos impedit recusandae voluptatem.', '4426797.00', '2019-07-05 13:53:29', '1981-06-20 13:53:52', 0, 'salon-de-jardin1561969249.jpeg', 52, 'iste-porro-magnam-magnam-reiciendis-consequatur-quasi-voluptates-quia-quo-nulla-aut-magni-hic-occaecati-quia-quos-repellat-et', 0, 96),
(639, 'Autem ut rerum velit aspernatur reiciendis vero voluptates. Temporibus molestiae et modi et a iusto minima iste. Autem nobis maiores natus delectus explicabo illum. Quas quia voluptatem provident rem soluta.', 'Deleniti tempora non dolore et maiores. Corrupti fugit fugit deleniti ut expedita. Eum aut aut labore provident.', '7234410.00', '2019-07-05 13:53:29', '1997-06-21 08:23:08', 1, 'piscine.jpg', 44, 'autem-ut-rerum-velit-aspernatur-reiciendis-vero-voluptates-temporibus-molestiae-et-modi-et-a-iusto-minima-iste-autem-nobis-maiores-natus-delectus-explicabo-illum-quas-quia-voluptatem-provident-rem-soluta', 0, 86),
(640, 'Quaerat in et aut dignissimos sed maiores. Aut vel pariatur asperiores ut molestiae possimus sequi. Sequi quis et qui cupiditate qui dolores.', 'Ut qui nulla ex explicabo. Minus dolorem unde quos odit velit et repellendus qui. Culpa harum eum est ut porro quis blanditiis.', '3163340.00', '2019-07-05 13:53:29', '1996-02-17 11:13:33', 0, 'piscine.jpg', 49, 'quaerat-in-et-aut-dignissimos-sed-maiores-aut-vel-pariatur-asperiores-ut-molestiae-possimus-sequi-sequi-quis-et-qui-cupiditate-qui-dolores', 0, 83),
(641, 'Sit accusamus qui blanditiis et mollitia praesentium et. Eveniet sit maiores eum ut totam aliquid voluptatem. Distinctio aperiam aut sequi qui dolores repellendus. Et eius sit et dolor provident.', 'Sunt molestias tempore facere reiciendis est provident. Vel voluptatem nemo aperiam et sunt. Molestiae quia est perspiciatis ut sit. A voluptate quas est incidunt pariatur quas est.', '7966897.00', '2019-07-05 13:53:29', '2017-09-26 18:18:50', 1, 'parasol.jpg', 50, 'sit-accusamus-qui-blanditiis-et-mollitia-praesentium-et-eveniet-sit-maiores-eum-ut-totam-aliquid-voluptatem-distinctio-aperiam-aut-sequi-qui-dolores-repellendus-et-eius-sit-et-dolor-provident', 0, 94),
(642, 'Saepe quas tempore aut dolores sed earum sunt. Aut nisi qui repellat libero cumque et. Minus omnis consequuntur autem esse autem minus. Natus rerum natus ipsam recusandae sint adipisci.', 'Totam modi qui qui. Est est cum ipsam et perspiciatis eum. Error dolore voluptatem amet quisquam nemo aperiam iure.', '3486286.00', '2019-07-05 13:53:29', '1971-10-15 23:28:25', 0, 'table1561727671.jpeg', 49, 'saepe-quas-tempore-aut-dolores-sed-earum-sunt-aut-nisi-qui-repellat-libero-cumque-et-minus-omnis-consequuntur-autem-esse-autem-minus-natus-rerum-natus-ipsam-recusandae-sint-adipisci', 0, 94),
(643, 'Perferendis quibusdam unde veniam sit ut id. Provident dolorem porro quibusdam. Quos laudantium qui enim et magni aut perferendis. Iusto voluptatem cumque fugiat quasi. Est sit harum autem. Hic aut numquam molestiae reiciendis quo.', 'Dolor qui placeat velit repudiandae. Ducimus sunt autem voluptate et ab. Minus iste error ea omnis. Voluptas aut consequatur reprehenderit libero eum.', '8383092.00', '2019-07-05 13:53:29', '2008-05-08 11:19:41', 1, 'seau-de-plage1561969551.jpeg', 51, 'perferendis-quibusdam-unde-veniam-sit-ut-id-provident-dolorem-porro-quibusdam-quos-laudantium-qui-enim-et-magni-aut-perferendis-iusto-voluptatem-cumque-fugiat-quasi-est-sit-harum-autem-hic-aut-numquam-molestiae-reiciendis-quo', 0, 85),
(644, 'Sit sed error voluptate saepe eos est. Et sapiente deserunt iusto aut eum est ad. Quae temporibus velit blanditiis laudantium eveniet voluptatem.', 'Voluptatem velit omnis inventore qui dolor commodi unde molestiae. Consequatur aut voluptatem nostrum.', '383672.00', '2019-07-05 13:53:29', '2000-05-27 05:35:19', 0, 'volley.jpg', 49, 'sit-sed-error-voluptate-saepe-eos-est-et-sapiente-deserunt-iusto-aut-eum-est-ad-quae-temporibus-velit-blanditiis-laudantium-eveniet-voluptatem', 0, 85),
(645, 'Quis dolores voluptas architecto commodi enim. Magni occaecati enim hic et et omnis consequatur. Architecto recusandae iusto autem sed vero assumenda accusamus.', 'Ea mollitia porro sit. Rerum perspiciatis repellendus qui et quis ipsam.', '3433361.00', '2019-07-05 13:53:29', '2010-11-21 10:28:17', 1, 'seau-de-plage1561969551.jpeg', 45, 'quis-dolores-voluptas-architecto-commodi-enim-magni-occaecati-enim-hic-et-et-omnis-consequatur-architecto-recusandae-iusto-autem-sed-vero-assumenda-accusamus', 0, 95),
(646, 'Distinctio sint officiis esse qui quia. Natus voluptas laboriosam et rem rerum a assumenda atque. A fugit architecto nam consequatur ipsam ut alias quas.', 'Adipisci tempore architecto harum aut eum qui. Illum nostrum magni fugiat sint aut in. In ex inventore dolores necessitatibus. Ut eveniet consequatur autem.', '5731605.00', '2019-07-05 13:53:29', '2003-02-09 08:15:30', 1, 'parasol.jpg', 44, 'distinctio-sint-officiis-esse-qui-quia-natus-voluptas-laboriosam-et-rem-rerum-a-assumenda-atque-a-fugit-architecto-nam-consequatur-ipsam-ut-alias-quas', 0, 99),
(647, 'Tenetur consequatur minima in consequuntur molestiae libero. Incidunt eligendi officiis id dolorem quidem exercitationem qui quasi. Repudiandae debitis sed eos.', 'Ea commodi consequatur iure maiores aliquam ducimus deleniti. Doloremque omnis ut minima eos et quibusdam illo quia. Repellat aut facere et quia facere. Odio aliquid quae iure.', '9385426.00', '2019-07-05 13:53:29', '2006-04-25 07:51:39', 1, 'parasol.jpg', 49, 'tenetur-consequatur-minima-in-consequuntur-molestiae-libero-incidunt-eligendi-officiis-id-dolorem-quidem-exercitationem-qui-quasi-repudiandae-debitis-sed-eos', 0, 95),
(648, 'Nihil aliquam earum est mollitia aut sit facilis. Et at quia architecto dolor. Ut non doloremque quas a veritatis minus.', 'Beatae nihil magnam iure aperiam. Quia reprehenderit quaerat dolorum ut. Neque ipsum doloremque itaque.', '5986204.00', '2019-07-05 13:53:29', '1971-12-11 21:03:01', 0, 'salon-de-jardin1561969249.jpeg', 51, 'nihil-aliquam-earum-est-mollitia-aut-sit-facilis-et-at-quia-architecto-dolor-ut-non-doloremque-quas-a-veritatis-minus', 0, 82),
(649, 'Nihil molestias omnis rerum iste nostrum eaque. Amet quae ratione aspernatur cum. Perspiciatis veritatis numquam tempore voluptatum expedita. In esse vel quo similique qui sequi nemo. Ea quis corrupti veniam vel assumenda.', 'Alias autem cupiditate quia eum similique eveniet soluta et. Non dolore est occaecati excepturi.', '2718272.00', '2019-07-05 13:53:29', '1971-06-02 20:32:34', 0, 'volley.jpg', 44, 'nihil-molestias-omnis-rerum-iste-nostrum-eaque-amet-quae-ratione-aspernatur-cum-perspiciatis-veritatis-numquam-tempore-voluptatum-expedita-in-esse-vel-quo-similique-qui-sequi-nemo-ea-quis-corrupti-veniam-vel-assumenda', 0, 98),
(650, 'Officia illum id maiores qui ducimus. Eligendi quis vitae tenetur recusandae voluptas odit. Ducimus modi repellat dolor. Odit laudantium cum minima cum maiores et voluptas deserunt.', 'Fugiat fugit voluptatem magnam aut corrupti aut. Accusantium doloribus voluptates numquam dolorem. Repudiandae consectetur atque in maxime nemo autem. In harum omnis ea ad dolorem vel a eum.', '397022.00', '2019-07-05 13:53:29', '2004-09-23 11:20:45', 1, 'salon-de-jardin1561969249.jpeg', 51, 'officia-illum-id-maiores-qui-ducimus-eligendi-quis-vitae-tenetur-recusandae-voluptas-odit-ducimus-modi-repellat-dolor-odit-laudantium-cum-minima-cum-maiores-et-voluptas-deserunt', 0, 86),
(651, 'Enim quasi molestias veniam dolores cupiditate. Laborum necessitatibus quod quia est ipsum ratione. Voluptate rerum voluptas quod totam.', 'Debitis adipisci nesciunt magni voluptas. Et velit molestiae deserunt blanditiis. Voluptatem adipisci ratione dolorum eius et.', '8479866.00', '2019-07-05 13:53:29', '2013-08-09 05:27:46', 1, 'table1561727671.jpeg', 50, 'enim-quasi-molestias-veniam-dolores-cupiditate-laborum-necessitatibus-quod-quia-est-ipsum-ratione-voluptate-rerum-voluptas-quod-totam', 0, 94),
(652, 'Nobis recusandae nesciunt rerum ut. Esse provident numquam eum rerum et sunt quos sapiente. Assumenda dolorum ab tempora blanditiis. Sit cumque asperiores molestias qui.', 'Enim facilis autem voluptates natus ab voluptas. Dolorem beatae sed commodi dignissimos non. Quod consectetur aliquam optio. Et voluptas tempore voluptatem voluptatem.', '9232041.00', '2019-07-05 13:53:29', '2006-08-16 08:28:52', 1, 'seau-de-plage1561969551.jpeg', 47, 'nobis-recusandae-nesciunt-rerum-ut-esse-provident-numquam-eum-rerum-et-sunt-quos-sapiente-assumenda-dolorum-ab-tempora-blanditiis-sit-cumque-asperiores-molestias-qui', 0, 97),
(653, 'Veritatis tempora accusantium qui. Fuga placeat voluptatum ipsum voluptatem voluptatum corporis ut. Rerum deserunt nihil ullam dolores quia rem quia veniam. Mollitia magni ducimus id eum quia fugit. Ex quidem mollitia perferendis debitis voluptas dolore.', 'Ducimus blanditiis dolorum ut vel tempora consequatur quam. Beatae corrupti architecto harum iusto eaque aut non. Ut distinctio temporibus ipsa esse est explicabo.', '4449722.00', '2019-07-05 13:53:29', '1972-07-04 06:44:56', 1, 'piscine.jpg', 52, 'veritatis-tempora-accusantium-qui-fuga-placeat-voluptatum-ipsum-voluptatem-voluptatum-corporis-ut-rerum-deserunt-nihil-ullam-dolores-quia-rem-quia-veniam-mollitia-magni-ducimus-id-eum-quia-fugit-ex-quidem-mollitia-perferendis-debitis-voluptas-dolore', 0, 98),
(654, 'Sunt exercitationem itaque molestiae quisquam. Et fugiat aut minus quia. Labore dignissimos sed consequatur.', 'Eum adipisci voluptatem ad laboriosam. Aut excepturi enim dolorem. Sapiente voluptas debitis sint expedita tempore voluptas voluptates.', '2269110.00', '2019-07-05 13:53:29', '1987-01-13 01:12:30', 0, 'salon-de-jardin1561969249.jpeg', 44, 'sunt-exercitationem-itaque-molestiae-quisquam-et-fugiat-aut-minus-quia-labore-dignissimos-sed-consequatur', 0, 94),
(655, 'Dolores occaecati nemo et. Ut nihil quas accusantium odio. In harum tempora et impedit est fuga vel sunt. Ipsam esse sed aut distinctio culpa vel.', 'Vel autem deleniti error quia quis aut accusamus placeat. Debitis qui debitis sed nesciunt qui ut officiis ut. Rerum et pariatur doloribus praesentium placeat suscipit.', '9928619.00', '2019-07-05 13:53:29', '1974-07-11 15:55:05', 0, 'hamac.jpg', 53, 'dolores-occaecati-nemo-et-ut-nihil-quas-accusantium-odio-in-harum-tempora-et-impedit-est-fuga-vel-sunt-ipsam-esse-sed-aut-distinctio-culpa-vel', 0, 97),
(656, 'Eum autem non quibusdam. Ratione itaque impedit laborum id numquam placeat. Et sint expedita qui commodi suscipit sed.', 'Eum enim minima et et explicabo. Ut ea incidunt et porro quia dolores. Facilis nam qui voluptate voluptas eligendi dolor. Autem at minima consequuntur minus dolor sit consequuntur in.', '3118476.00', '2019-07-05 13:53:29', '2006-07-13 04:43:12', 0, 'salon-de-jardin1561969249.jpeg', 48, 'eum-autem-non-quibusdam-ratione-itaque-impedit-laborum-id-numquam-placeat-et-sint-expedita-qui-commodi-suscipit-sed', 0, 85),
(657, 'Asperiores ut ipsam debitis amet. Veniam at id ipsum eligendi quas. Aperiam fugit maiores iure nihil ab perferendis.', 'Aliquam deleniti tenetur voluptas officia. Et ipsa nostrum amet tempore quia. Sed voluptatem est consequatur vero distinctio. Repudiandae recusandae ipsa molestias delectus neque fugiat.', '1128859.00', '2019-07-05 13:53:29', '2004-03-09 18:39:32', 1, 'piscine.jpg', 53, 'asperiores-ut-ipsam-debitis-amet-veniam-at-id-ipsum-eligendi-quas-aperiam-fugit-maiores-iure-nihil-ab-perferendis', 0, 96),
(658, 'Qui aperiam iste impedit unde explicabo dolores. Odit tempore hic enim et facere unde sunt. Quidem assumenda qui sint quia amet officiis magni.', 'Dolores molestias quia et quasi expedita. Qui deleniti aut earum est natus in nesciunt dicta. Et eum aut quibusdam dolor. Tenetur totam quae minus facere.', '4852354.00', '2019-07-05 13:53:29', '1973-05-13 20:05:56', 0, 'table1561727671.jpeg', 51, 'qui-aperiam-iste-impedit-unde-explicabo-dolores-odit-tempore-hic-enim-et-facere-unde-sunt-quidem-assumenda-qui-sint-quia-amet-officiis-magni', 0, 98),
(659, 'Deserunt placeat aut quam. Sed omnis et autem velit fugit. Fuga blanditiis ea rerum fuga nobis quam numquam quia. Dolor distinctio neque commodi qui aut eos porro dolores. Voluptatem et nihil autem nobis perferendis.', 'Repellendus reprehenderit odit quae inventore voluptatem voluptatum est aut. Qui sit qui aperiam labore ab quo officiis.', '5921096.00', '2019-07-05 13:53:29', '1995-09-23 19:40:43', 1, 'volley.jpg', 46, 'deserunt-placeat-aut-quam-sed-omnis-et-autem-velit-fugit-fuga-blanditiis-ea-rerum-fuga-nobis-quam-numquam-quia-dolor-distinctio-neque-commodi-qui-aut-eos-porro-dolores-voluptatem-et-nihil-autem-nobis-perferendis', 0, 97),
(660, 'Dignissimos laborum ut nostrum et. Culpa ut iste corrupti est aspernatur qui.', 'Possimus aut iste aliquam laborum excepturi iusto rerum. Accusamus harum sit ut sunt nostrum est et. Laboriosam velit quam aut. Quaerat et delectus enim aut ab voluptas quis.', '7687323.00', '2019-07-05 13:53:29', '1980-05-31 02:29:35', 1, 'seau-de-plage1561969551.jpeg', 47, 'dignissimos-laborum-ut-nostrum-et-culpa-ut-iste-corrupti-est-aspernatur-qui', 0, 81),
(661, 'Qui porro possimus atque a. Fuga molestias ut in vitae vel incidunt repellat. Tempora rem ullam maiores ut quo. Molestiae veritatis sint incidunt cupiditate. Modi earum animi in et non consequatur fugit.', 'In voluptatum officia unde unde modi. Nam esse id minima aut. Dicta dolorem natus aut aut doloribus. Ut repudiandae ipsa et adipisci. Qui blanditiis autem dolorem libero.', '2378728.00', '2019-07-05 13:53:29', '2008-09-24 10:54:53', 1, 'hamac.jpg', 52, 'qui-porro-possimus-atque-a-fuga-molestias-ut-in-vitae-vel-incidunt-repellat-tempora-rem-ullam-maiores-ut-quo-molestiae-veritatis-sint-incidunt-cupiditate-modi-earum-animi-in-et-non-consequatur-fugit', 0, 87),
(662, 'Eum beatae sint eligendi dolorem dolorem porro ratione omnis. Voluptate commodi ducimus magnam quis doloremque quas.', 'Modi sit nihil eum perferendis et. Reiciendis et ut qui possimus cumque. Perferendis molestiae quisquam sed magnam qui velit culpa voluptatum. Ut praesentium nostrum quod.', '8728146.00', '2019-07-05 13:53:29', '1982-03-16 02:04:14', 1, 'salon-de-jardin1561969249.jpeg', 51, 'eum-beatae-sint-eligendi-dolorem-dolorem-porro-ratione-omnis-voluptate-commodi-ducimus-magnam-quis-doloremque-quas', 0, 91),
(663, 'Animi nihil voluptas nesciunt a accusantium numquam neque. Cumque saepe et ipsa autem. Beatae ad aliquid voluptates.', 'Repellendus ut accusantium repudiandae ratione qui culpa autem. Voluptas aut reprehenderit reiciendis rerum quibusdam. Consectetur enim natus aut sed tenetur rem aut in.', '3763746.00', '2019-07-05 13:53:29', '2002-02-09 07:43:37', 1, 'salon-de-jardin1561969249.jpeg', 45, 'animi-nihil-voluptas-nesciunt-a-accusantium-numquam-neque-cumque-saepe-et-ipsa-autem-beatae-ad-aliquid-voluptates', 0, 97),
(664, 'Deleniti modi exercitationem sequi eos. Quibusdam molestiae aut non omnis repellat cum. Sint quas ducimus sed ipsum. Tempora laudantium laudantium sed laboriosam et animi eius.', 'Earum sunt numquam animi expedita. Minima corporis neque commodi nihil dolores nihil. Natus quo sit illum quas ut sed. Et eum perferendis eos id inventore.', '7039863.00', '2019-07-05 13:53:29', '1980-07-07 11:45:02', 0, 'chaise.jpg', 51, 'deleniti-modi-exercitationem-sequi-eos-quibusdam-molestiae-aut-non-omnis-repellat-cum-sint-quas-ducimus-sed-ipsum-tempora-laudantium-laudantium-sed-laboriosam-et-animi-eius', 0, 97),
(665, 'Quae harum omnis error. Ad voluptatem ab assumenda illo sequi. Et numquam quam mollitia quia voluptatibus consequatur. Explicabo aliquam sint placeat aut. Consequuntur id quasi rerum.', 'Libero alias qui dolore magni. Repudiandae harum illo soluta ut illum eveniet sit. Dolorem tempora nihil dolorem.', '7508530.00', '2019-07-05 13:53:29', '2014-08-31 08:08:05', 1, 'salon-de-jardin1561969249.jpeg', 51, 'quae-harum-omnis-error-ad-voluptatem-ab-assumenda-illo-sequi-et-numquam-quam-mollitia-quia-voluptatibus-consequatur-explicabo-aliquam-sint-placeat-aut-consequuntur-id-quasi-rerum', 0, 84),
(666, 'Esse optio dolor quasi debitis repudiandae. Eos asperiores optio illum eum non cum. Quas impedit sed illo facilis laborum ut. Sed et repellat velit maiores rerum. Sunt eos consectetur esse vitae quis.', 'Illo eum ipsa aut quis quis eveniet accusantium. Cupiditate est explicabo neque et maiores magnam maiores. Omnis tempore quia est consequatur. Aut consequatur hic dolorem rem explicabo quo sapiente.', '1314439.00', '2019-07-05 13:53:29', '1994-04-15 20:58:22', 1, 'piscine.jpg', 44, 'esse-optio-dolor-quasi-debitis-repudiandae-eos-asperiores-optio-illum-eum-non-cum-quas-impedit-sed-illo-facilis-laborum-ut-sed-et-repellat-velit-maiores-rerum-sunt-eos-consectetur-esse-vitae-quis', 0, 93),
(667, 'Id optio ut quo quas sed quod. Omnis omnis voluptatibus quaerat nam dolor est et harum. Laudantium sit veniam praesentium ipsum est. Explicabo non eius iste et.', 'Libero voluptas omnis rerum accusamus quasi aliquam. Ipsa et doloremque sint aut est voluptate. Assumenda dolore sit eum adipisci omnis sint. Veritatis suscipit ut molestiae eveniet.', '1822677.00', '2019-07-05 13:53:29', '2009-04-23 17:13:25', 0, 'seau-de-plage1561969551.jpeg', 48, 'id-optio-ut-quo-quas-sed-quod-omnis-omnis-voluptatibus-quaerat-nam-dolor-est-et-harum-laudantium-sit-veniam-praesentium-ipsum-est-explicabo-non-eius-iste-et', 0, 80),
(668, 'Similique sapiente veritatis nemo id et alias. Qui ut reprehenderit et eius qui dolores. Voluptatem aut et recusandae. Id ut odit veniam sapiente blanditiis qui.', 'Omnis sit recusandae et libero dolorum enim. Explicabo deleniti voluptates saepe at. Repellendus expedita veritatis non quasi.', '7449999.00', '2019-07-05 13:53:29', '1977-11-17 13:55:41', 0, 'chaise.jpg', 44, 'similique-sapiente-veritatis-nemo-id-et-alias-qui-ut-reprehenderit-et-eius-qui-dolores-voluptatem-aut-et-recusandae-id-ut-odit-veniam-sapiente-blanditiis-qui', 0, 88),
(669, 'Sed omnis sint labore aut nisi. Itaque debitis facere tempora tenetur. Dolorum cupiditate doloremque culpa dolorem inventore maiores neque cupiditate.', 'Doloremque ab facilis sed quaerat corporis omnis soluta. Quaerat enim autem veniam aut. Temporibus ut sunt nihil facere in velit. Repellat harum aut veritatis aliquid.', '3813820.00', '2019-07-05 13:53:29', '2001-08-20 07:07:17', 1, 'table1561727671.jpeg', 45, 'sed-omnis-sint-labore-aut-nisi-itaque-debitis-facere-tempora-tenetur-dolorum-cupiditate-doloremque-culpa-dolorem-inventore-maiores-neque-cupiditate', 0, 94),
(670, 'Ut nulla natus amet omnis distinctio provident vero. Ducimus repellat ut necessitatibus impedit voluptatem. Est voluptatum qui voluptatem et.', 'Vel dolor quis totam eligendi dolorem et. Enim omnis voluptatum fuga beatae sapiente odit. Sit est et quibusdam.', '4669275.00', '2019-07-05 13:53:29', '2003-09-13 00:39:27', 1, 'parasol.jpg', 52, 'ut-nulla-natus-amet-omnis-distinctio-provident-vero-ducimus-repellat-ut-necessitatibus-impedit-voluptatem-est-voluptatum-qui-voluptatem-et', 0, 80),
(671, 'Et qui minima rerum qui maxime qui adipisci soluta. Ipsum iusto et assumenda. Consequuntur in qui dignissimos dolorum et a sed.', 'Et doloremque doloremque in est tenetur. Eius quae eum velit necessitatibus. Nulla molestias nostrum nulla tempore sed quam suscipit. Animi omnis quis neque explicabo ut similique harum nisi.', '320042.00', '2019-07-05 13:53:29', '2019-07-02 19:50:03', 1, 'hamac.jpg', 52, 'et-qui-minima-rerum-qui-maxime-qui-adipisci-soluta-ipsum-iusto-et-assumenda-consequuntur-in-qui-dignissimos-dolorum-et-a-sed', 0, 84),
(672, 'Possimus voluptatibus excepturi quisquam sit. Molestiae pariatur esse in pariatur in at. Eum perspiciatis nihil rem fugiat sapiente. Illum qui autem dolorem dolores enim vero qui.', 'Hic quisquam iure porro quod veritatis odio. Eligendi est quaerat beatae excepturi odio non libero. Consequatur harum qui ipsa adipisci. Autem maxime quas voluptatibus autem velit.', '9384779.00', '2019-07-05 13:53:29', '1984-10-16 23:50:54', 0, 'piscine.jpg', 44, 'possimus-voluptatibus-excepturi-quisquam-sit-molestiae-pariatur-esse-in-pariatur-in-at-eum-perspiciatis-nihil-rem-fugiat-sapiente-illum-qui-autem-dolorem-dolores-enim-vero-qui', 0, 90),
(673, 'Repellendus et perspiciatis quis voluptatum vero possimus neque dolorum. Recusandae et est voluptatem iusto. Dolorem consequuntur natus est minus rerum impedit vero. Eveniet dolorum dignissimos perspiciatis accusamus hic placeat dolor.', 'Et nihil libero aperiam. Voluptas doloribus et necessitatibus. Adipisci consequatur minima autem delectus tenetur. Eius qui quisquam qui expedita atque.', '6096621.00', '2019-07-05 13:53:29', '1979-04-09 05:04:12', 0, 'salon-de-jardin1561969249.jpeg', 47, 'repellendus-et-perspiciatis-quis-voluptatum-vero-possimus-neque-dolorum-recusandae-et-est-voluptatem-iusto-dolorem-consequuntur-natus-est-minus-rerum-impedit-vero-eveniet-dolorum-dignissimos-perspiciatis-accusamus-hic-placeat-dolor', 0, 93),
(674, 'Numquam impedit optio error impedit alias velit. Tempore numquam est consequatur laudantium omnis ut ratione ut. Accusamus quidem tenetur omnis illo omnis. Ut nobis deleniti velit velit distinctio est illo temporibus. Consequatur eos deserunt in a in.', 'Est ut sint et hic. Quo dolor soluta possimus corrupti voluptas ut est est. Cumque modi optio labore quasi sed velit dicta. Voluptatibus voluptatem unde voluptas quas vel.', '9099930.00', '2019-07-05 13:53:29', '1972-01-30 18:56:42', 0, 'hamac.jpg', 48, 'numquam-impedit-optio-error-impedit-alias-velit-tempore-numquam-est-consequatur-laudantium-omnis-ut-ratione-ut-accusamus-quidem-tenetur-omnis-illo-omnis-ut-nobis-deleniti-velit-velit-distinctio-est-illo-temporibus-consequatur-eos-deserunt-in-a-in', 0, 80),
(675, 'Cupiditate numquam sed modi voluptate. Quia autem incidunt alias quibusdam saepe recusandae illo. Aperiam qui perspiciatis itaque atque aut consequuntur maiores facere. Facilis esse sed tempora voluptatem eos.', 'Non cum corrupti laborum. Omnis et voluptatem magnam qui illo. Repellendus sunt earum eius iusto quidem. Omnis nostrum tenetur tempora qui vel.', '7680297.00', '2019-07-05 13:53:29', '1999-12-08 15:05:15', 0, 'parasol.jpg', 47, 'cupiditate-numquam-sed-modi-voluptate-quia-autem-incidunt-alias-quibusdam-saepe-recusandae-illo-aperiam-qui-perspiciatis-itaque-atque-aut-consequuntur-maiores-facere-facilis-esse-sed-tempora-voluptatem-eos', 0, 90),
(676, 'Cupiditate velit nam neque necessitatibus explicabo. Autem veniam odio dolor voluptatum. Earum doloremque tempora a quis. Qui ea debitis et quis est illo sint.', 'Veritatis sunt mollitia quia cupiditate sit quia. Iusto hic assumenda rem amet et occaecati qui ab. Dignissimos dolores sapiente rerum.', '6330336.00', '2019-07-05 13:53:29', '1983-04-04 17:28:17', 1, 'hamac.jpg', 45, 'cupiditate-velit-nam-neque-necessitatibus-explicabo-autem-veniam-odio-dolor-voluptatum-earum-doloremque-tempora-a-quis-qui-ea-debitis-et-quis-est-illo-sint', 0, 80),
(677, 'Culpa tempora aut perferendis rerum sint. Tempore impedit autem consectetur fugit magni recusandae pariatur. Ipsam earum eius provident voluptatibus atque quia.', 'Et autem rerum et quod. Enim ut consequatur corrupti. Qui est nihil quia dolores explicabo odio. Numquam nulla veniam neque. Provident explicabo natus est totam minima. Nesciunt fugiat sed qui.', '6376479.00', '2019-07-05 13:53:29', '2011-09-27 19:32:17', 0, 'seau-de-plage1561969551.jpeg', 48, 'culpa-tempora-aut-perferendis-rerum-sint-tempore-impedit-autem-consectetur-fugit-magni-recusandae-pariatur-ipsam-earum-eius-provident-voluptatibus-atque-quia', 0, 99),
(678, 'Dolor quisquam sunt omnis. Quaerat modi maiores et nobis. Qui cupiditate consectetur beatae nam est et.', 'Ut sunt asperiores sunt. Quia quo est magni quia. Quia nam et ullam est mollitia itaque.', '9999070.00', '2019-07-05 13:53:29', '1970-02-04 01:08:19', 1, 'piscine.jpg', 44, 'dolor-quisquam-sunt-omnis-quaerat-modi-maiores-et-nobis-qui-cupiditate-consectetur-beatae-nam-est-et', 0, 97),
(679, 'Similique quia illum quis aut nostrum totam praesentium. Cupiditate fuga odio quae alias optio. Sed earum quam autem harum quo. In rerum et vel quia pariatur sunt.', 'Quia quo sed nam maxime. Mollitia tempora iste voluptate sunt. Quis eum molestiae ut consequatur explicabo. Corporis voluptatum adipisci sunt.', '7865947.00', '2019-07-05 13:53:29', '1980-11-23 23:23:48', 0, 'piscine.jpg', 45, 'similique-quia-illum-quis-aut-nostrum-totam-praesentium-cupiditate-fuga-odio-quae-alias-optio-sed-earum-quam-autem-harum-quo-in-rerum-et-vel-quia-pariatur-sunt', 0, 96),
(680, 'Nisi ipsum error quibusdam deserunt. Qui fuga deserunt vitae dolores. Temporibus mollitia fugiat libero. Pariatur dolore eos quos. Qui tempore et commodi mollitia. Soluta corporis beatae eveniet temporibus.', 'Amet perferendis distinctio et ab maxime aut. Culpa et tenetur sequi cumque eaque molestias aut. Porro in reprehenderit a cumque. Totam sint et aut in dolorum quo praesentium.', '1004098.00', '2019-07-05 13:53:29', '1995-03-13 01:46:19', 0, 'seau-de-plage1561969551.jpeg', 52, 'nisi-ipsum-error-quibusdam-deserunt-qui-fuga-deserunt-vitae-dolores-temporibus-mollitia-fugiat-libero-pariatur-dolore-eos-quos-qui-tempore-et-commodi-mollitia-soluta-corporis-beatae-eveniet-temporibus', 0, 85),
(681, 'Animi voluptatem quae ea laborum sint. Quas corrupti omnis aut enim sequi. Nihil consequuntur omnis ipsum placeat aspernatur ad vitae.', 'Minus unde hic quaerat qui molestias fugit. Animi ipsa quia repellat non. Aut nesciunt est qui sed et.', '5673990.00', '2019-07-05 13:53:29', '1994-04-07 21:22:03', 0, 'volley.jpg', 44, 'animi-voluptatem-quae-ea-laborum-sint-quas-corrupti-omnis-aut-enim-sequi-nihil-consequuntur-omnis-ipsum-placeat-aspernatur-ad-vitae', 0, 84),
(682, 'Fugiat quod architecto praesentium accusantium et accusamus ratione minima. Aut sit quaerat possimus sint. Voluptatem dolorem aut commodi autem autem. Rerum libero aut cupiditate voluptas aliquid nobis est. Id ut rerum praesentium ut autem.', 'Corrupti beatae dolor ducimus ut nihil unde. Tempore tempora eum consequatur laudantium voluptas commodi. Aperiam aut est voluptates.', '4860774.00', '2019-07-05 13:53:29', '1997-06-29 23:50:54', 1, 'seau-de-plage1561969551.jpeg', 50, 'fugiat-quod-architecto-praesentium-accusantium-et-accusamus-ratione-minima-aut-sit-quaerat-possimus-sint-voluptatem-dolorem-aut-commodi-autem-autem-rerum-libero-aut-cupiditate-voluptas-aliquid-nobis-est-id-ut-rerum-praesentium-ut-autem', 0, 81),
(683, 'Consectetur voluptatibus ut soluta culpa non aut recusandae. Voluptatem fugiat illum quia dolor fuga. Magni sed aut omnis qui et est. Est maxime perferendis quis eum et non.', 'Dolore harum eius ipsum. Ab rerum aliquam nobis nihil. Quidem modi eum qui aspernatur repudiandae. Vel deserunt aut id voluptas totam sit. Cumque aut ab ea nemo ut quis.', '8643356.00', '2019-07-05 13:53:29', '1999-08-18 13:40:13', 0, 'parasol.jpg', 44, 'consectetur-voluptatibus-ut-soluta-culpa-non-aut-recusandae-voluptatem-fugiat-illum-quia-dolor-fuga-magni-sed-aut-omnis-qui-et-est-est-maxime-perferendis-quis-eum-et-non', 0, 90),
(684, 'Voluptas reprehenderit autem consequatur totam ratione. Similique dolorem soluta magni cupiditate id. Aut autem quasi omnis aut dolor. Est est rerum temporibus tempore voluptate.', 'Atque sit odio vitae natus fugit deserunt et autem. Aspernatur consequatur suscipit deserunt cum quasi quo consequatur possimus. Et quia consequatur reprehenderit vero molestiae.', '1808084.00', '2019-07-05 13:53:29', '1992-05-27 09:01:46', 0, 'seau-de-plage1561969551.jpeg', 46, 'voluptas-reprehenderit-autem-consequatur-totam-ratione-similique-dolorem-soluta-magni-cupiditate-id-aut-autem-quasi-omnis-aut-dolor-est-est-rerum-temporibus-tempore-voluptate', 0, 83),
(685, 'Architecto atque ad iusto dolorem nesciunt necessitatibus non. Aliquid optio minima dolorem necessitatibus et itaque. Iusto voluptatibus autem facilis.', 'Provident ut cupiditate magni. Aut minus nam cumque id omnis. Est enim hic eum fugiat esse temporibus necessitatibus.', '2992623.00', '2019-07-05 13:53:29', '2006-01-15 14:27:08', 0, 'piscine.jpg', 51, 'architecto-atque-ad-iusto-dolorem-nesciunt-necessitatibus-non-aliquid-optio-minima-dolorem-necessitatibus-et-itaque-iusto-voluptatibus-autem-facilis', 0, 88),
(686, 'Dicta assumenda et amet dolor necessitatibus odit. Nisi quos cumque non eum non saepe dolorum exercitationem. Repudiandae modi incidunt aliquid.', 'Et mollitia officia tempore qui. Harum nobis incidunt hic neque. Quis aliquam et et. Consequatur labore illum ut unde. Mollitia commodi id nam voluptatum quo. Ipsa neque ab qui et hic.', '4802530.00', '2019-07-05 13:53:29', '2011-12-17 10:03:44', 1, 'hamac.jpg', 53, 'dicta-assumenda-et-amet-dolor-necessitatibus-odit-nisi-quos-cumque-non-eum-non-saepe-dolorum-exercitationem-repudiandae-modi-incidunt-aliquid', 0, 80);
INSERT INTO `produit` (`id`, `name`, `description`, `price`, `creation_date`, `modified_date`, `is_published`, `image_name`, `categories_id`, `slug`, `nb_views`, `author_id`) VALUES
(687, 'Molestiae repellat aliquam adipisci id. Aut illo magni deserunt voluptas dolores. Illum aut accusamus at.', 'Minima fugit qui in ducimus sed. Optio nemo qui voluptatum. Fuga neque autem reiciendis beatae molestiae rerum.', '4539729.00', '2019-07-05 13:53:29', '2015-11-26 13:32:45', 1, 'piscine.jpg', 52, 'molestiae-repellat-aliquam-adipisci-id-aut-illo-magni-deserunt-voluptas-dolores-illum-aut-accusamus-at', 0, 95),
(688, 'Tempora dolorem eligendi inventore consequatur ea quisquam velit. Id vitae minus quia perspiciatis. Omnis distinctio quod velit qui. Dolores placeat et optio eveniet ex.', 'Eum et qui itaque aliquid vitae ut vel tempora. Aut non quis exercitationem impedit culpa rem. Molestiae delectus earum harum.', '1345421.00', '2019-07-05 13:53:29', '2014-03-27 07:31:52', 1, 'parasol.jpg', 49, 'tempora-dolorem-eligendi-inventore-consequatur-ea-quisquam-velit-id-vitae-minus-quia-perspiciatis-omnis-distinctio-quod-velit-qui-dolores-placeat-et-optio-eveniet-ex', 0, 95),
(689, 'Qui aliquid sed sed et enim. Error corrupti consequatur iusto quidem aut. Ut corrupti sed eveniet aut dignissimos.', 'Minus hic et beatae possimus unde modi. Pariatur nulla sit veritatis quae beatae. Sed maiores est sint nulla.', '8478315.00', '2019-07-05 13:53:29', '2011-01-07 22:32:49', 0, 'parasol.jpg', 50, 'qui-aliquid-sed-sed-et-enim-error-corrupti-consequatur-iusto-quidem-aut-ut-corrupti-sed-eveniet-aut-dignissimos', 0, 90),
(690, 'Exercitationem deserunt dolorem aut modi unde dolorem. Qui doloremque eos velit dolor. Velit aut officia et quasi. Delectus voluptatem a blanditiis debitis repudiandae.', 'Officia debitis voluptates expedita maiores reprehenderit reiciendis tempore. Est ea consectetur qui deleniti assumenda praesentium.', '5625592.00', '2019-07-05 13:53:29', '2007-06-17 13:07:35', 1, 'chaise.jpg', 52, 'exercitationem-deserunt-dolorem-aut-modi-unde-dolorem-qui-doloremque-eos-velit-dolor-velit-aut-officia-et-quasi-delectus-voluptatem-a-blanditiis-debitis-repudiandae', 0, 89),
(691, 'Quia labore veritatis exercitationem minus dolores dolor. Voluptas et ut vel rerum. Consequuntur nihil dolorem error delectus consectetur impedit ut.', 'Consequuntur commodi facere maiores dolorem quos rerum. Quod facere est architecto quod. Ut ducimus quis saepe dignissimos.', '5432034.00', '2019-07-05 13:53:29', '2007-10-25 08:53:27', 0, 'seau-de-plage1561969551.jpeg', 52, 'quia-labore-veritatis-exercitationem-minus-dolores-dolor-voluptas-et-ut-vel-rerum-consequuntur-nihil-dolorem-error-delectus-consectetur-impedit-ut', 0, 99),
(692, 'Et blanditiis vitae nemo aspernatur quae qui magnam. Aut ut omnis error quod atque et. Est ullam et id in eligendi et labore. Culpa quibusdam nesciunt adipisci incidunt veritatis voluptatem.', 'Est officiis ipsa facilis in ut. Nihil optio in placeat itaque. Itaque autem facere esse iusto voluptatum tempora.', '5628362.00', '2019-07-05 13:53:29', '2010-01-15 07:10:35', 0, 'chaise.jpg', 47, 'et-blanditiis-vitae-nemo-aspernatur-quae-qui-magnam-aut-ut-omnis-error-quod-atque-et-est-ullam-et-id-in-eligendi-et-labore-culpa-quibusdam-nesciunt-adipisci-incidunt-veritatis-voluptatem', 0, 94),
(693, 'Natus doloribus esse harum soluta. Necessitatibus quia quod quo dolore. Temporibus reprehenderit quae expedita aut est qui optio.', 'Aspernatur velit est debitis consequatur. Et natus repellendus qui qui sit. Quod ullam cum laudantium mollitia mollitia ut nobis.', '4513416.00', '2019-07-05 13:53:29', '1982-10-01 23:35:45', 0, 'salon-de-jardin1561969249.jpeg', 45, 'natus-doloribus-esse-harum-soluta-necessitatibus-quia-quod-quo-dolore-temporibus-reprehenderit-quae-expedita-aut-est-qui-optio', 0, 80),
(694, 'Minus minima veniam cupiditate suscipit dolor dolores. Quasi repudiandae non commodi. At dolorem autem illo cumque illum quo. Aut praesentium nostrum tempore. Deleniti voluptas magni blanditiis commodi molestiae.', 'Voluptatibus neque provident necessitatibus. Corrupti nobis possimus officiis porro. Eaque eaque ea explicabo quibusdam.', '4911793.00', '2019-07-05 13:53:29', '1973-11-04 15:00:21', 0, 'piscine.jpg', 50, 'minus-minima-veniam-cupiditate-suscipit-dolor-dolores-quasi-repudiandae-non-commodi-at-dolorem-autem-illo-cumque-illum-quo-aut-praesentium-nostrum-tempore-deleniti-voluptas-magni-blanditiis-commodi-molestiae', 0, 94),
(695, 'Omnis vel non dolorem pariatur natus voluptatem. Est amet ut quibusdam facere aliquam corrupti labore voluptates. Facere rem esse illum aperiam saepe. Quaerat dolorem ut voluptates reiciendis ut nemo et.', 'Nemo voluptas consectetur unde quo aut. Pariatur accusamus enim molestiae ea quae. Deleniti aut praesentium dolores. Odio at culpa accusantium ut voluptatem delectus aut omnis.', '3275415.00', '2019-07-05 13:53:29', '2015-04-27 14:39:20', 1, 'seau-de-plage1561969551.jpeg', 50, 'omnis-vel-non-dolorem-pariatur-natus-voluptatem-est-amet-ut-quibusdam-facere-aliquam-corrupti-labore-voluptates-facere-rem-esse-illum-aperiam-saepe-quaerat-dolorem-ut-voluptates-reiciendis-ut-nemo-et', 0, 96),
(696, 'Est qui sit expedita consequatur sapiente. Ut sint fugit magni suscipit et ea quas. Minima earum impedit et ut nesciunt autem harum. Quaerat qui consequatur ipsum fugit pariatur ex.', 'Dolorem numquam libero mollitia optio aut adipisci nostrum. Esse quae dignissimos sed dolor. Dolorem et quo in sit qui. Voluptas cum harum nisi accusantium laborum optio.', '8770744.00', '2019-07-05 13:53:29', '1984-09-04 11:42:27', 1, 'parasol.jpg', 45, 'est-qui-sit-expedita-consequatur-sapiente-ut-sint-fugit-magni-suscipit-et-ea-quas-minima-earum-impedit-et-ut-nesciunt-autem-harum-quaerat-qui-consequatur-ipsum-fugit-pariatur-ex', 0, 88),
(697, 'Veniam qui saepe itaque neque. Tempore itaque quia voluptatem sed animi voluptatem. Molestiae consequuntur nihil suscipit mollitia harum aut.', 'Velit excepturi in et omnis. Est totam quis minus placeat aspernatur. Quibusdam et amet repellendus ut placeat dolor id. Aut dolor quia impedit quam perspiciatis.', '4126261.00', '2019-07-05 13:53:29', '1986-10-12 15:28:37', 1, 'volley.jpg', 50, 'veniam-qui-saepe-itaque-neque-tempore-itaque-quia-voluptatem-sed-animi-voluptatem-molestiae-consequuntur-nihil-suscipit-mollitia-harum-aut', 0, 86),
(698, 'Itaque facere veritatis beatae quos. Non dolor rerum voluptatum unde vel repellendus. Harum et ipsa tempore corporis. Officiis facere dolores nihil tempora.', 'Nihil nihil accusantium sit et corrupti. Fuga qui deleniti aut sit velit optio qui. Consequatur ipsum exercitationem distinctio.', '5461082.00', '2019-07-05 13:53:29', '1993-11-20 10:55:47', 1, 'piscine.jpg', 52, 'itaque-facere-veritatis-beatae-quos-non-dolor-rerum-voluptatum-unde-vel-repellendus-harum-et-ipsa-tempore-corporis-officiis-facere-dolores-nihil-tempora', 0, 84),
(699, 'Dolore adipisci repellendus eius eos aliquid error iusto. Accusantium in nihil esse. Officia accusamus quaerat rerum.', 'Vel illo ipsum est dolores deserunt quasi ut libero. Unde iusto cupiditate modi vel et. Non enim minima laborum aut. Perspiciatis est praesentium a dolor qui voluptates velit.', '2107066.00', '2019-07-05 13:53:29', '2000-08-05 07:33:08', 1, 'seau-de-plage1561969551.jpeg', 51, 'dolore-adipisci-repellendus-eius-eos-aliquid-error-iusto-accusantium-in-nihil-esse-officia-accusamus-quaerat-rerum', 0, 94),
(700, 'Iure dicta quasi nam rerum rem sit et. Totam placeat veritatis provident. Et architecto cumque impedit nihil harum.', 'Maxime atque ex aut sed a aut. Consectetur quia eum velit aspernatur quis. Vitae id sint exercitationem et nihil ratione.', '2566325.00', '2019-07-05 13:53:29', '2005-03-14 19:58:33', 1, 'piscine.jpg', 50, 'iure-dicta-quasi-nam-rerum-rem-sit-et-totam-placeat-veritatis-provident-et-architecto-cumque-impedit-nihil-harum', 0, 83),
(701, 'Sed ex voluptas fuga ea asperiores dolorem odit. Omnis non at quaerat numquam. Ratione unde deserunt consequatur libero ducimus.', 'Modi id sit alias quibusdam. Ducimus ut aliquam facere sit dolorum dolores sint delectus. Veniam dolores dolor numquam vero modi. Sapiente sed voluptas quia non atque placeat vitae maxime.', '6842532.00', '2019-07-05 13:53:29', '2006-03-26 18:36:23', 1, 'salon-de-jardin1561969249.jpeg', 48, 'sed-ex-voluptas-fuga-ea-asperiores-dolorem-odit-omnis-non-at-quaerat-numquam-ratione-unde-deserunt-consequatur-libero-ducimus', 0, 99),
(702, 'Quasi voluptate et praesentium ex. Neque blanditiis eligendi et eos maxime ipsam consequatur libero. Officia ad eius doloribus occaecati.', 'Autem voluptatem quis optio quas quia sint. Ipsam ut pariatur in qui. Fugit sit est non ab. Consequuntur consequuntur laudantium dolore sit occaecati illo.', '4872904.00', '2019-07-05 13:53:29', '1971-01-02 06:16:20', 0, 'piscine.jpg', 45, 'quasi-voluptate-et-praesentium-ex-neque-blanditiis-eligendi-et-eos-maxime-ipsam-consequatur-libero-officia-ad-eius-doloribus-occaecati', 0, 80),
(703, 'Voluptatem voluptas officiis distinctio laborum nemo exercitationem. Qui explicabo minus qui quibusdam consectetur ad eos dolore. Distinctio quo nostrum sed adipisci non necessitatibus. Neque sit vero labore reprehenderit aspernatur sunt ut.', 'Qui itaque corporis natus. Aut quam id provident ea nesciunt. Facere sunt ipsa saepe voluptatem eum. Ex alias aut veritatis ipsam ut dicta perferendis quis.', '5913229.00', '2019-07-05 13:53:29', '2003-02-07 17:27:40', 1, 'piscine.jpg', 50, 'voluptatem-voluptas-officiis-distinctio-laborum-nemo-exercitationem-qui-explicabo-minus-qui-quibusdam-consectetur-ad-eos-dolore-distinctio-quo-nostrum-sed-adipisci-non-necessitatibus-neque-sit-vero-labore-reprehenderit-aspernatur-sunt-ut', 0, 96),
(704, 'Facere molestiae quibusdam ad consequatur praesentium. A ea sed harum omnis ut. In perspiciatis sed sit.', 'Aut et minus veritatis natus voluptates voluptatibus quia et. Eius laborum beatae excepturi dignissimos enim soluta sapiente. Eum minima praesentium rem velit placeat est. Ea rerum aliquid et enim.', '8547133.00', '2019-07-05 13:53:29', '2006-10-11 07:25:00', 0, 'chaise.jpg', 52, 'facere-molestiae-quibusdam-ad-consequatur-praesentium-a-ea-sed-harum-omnis-ut-in-perspiciatis-sed-sit', 0, 86),
(705, 'Et asperiores earum molestiae odio quis dolor. Repellendus deleniti ducimus ut recusandae sed. Id distinctio illo provident officiis non. Magni incidunt illum placeat eos.', 'Cum in necessitatibus dolor assumenda enim numquam dolorem. Ut vel ex suscipit maiores. Ut praesentium occaecati maxime praesentium.', '9520261.00', '2019-07-05 13:53:29', '1983-05-01 19:40:30', 1, 'parasol.jpg', 50, 'et-asperiores-earum-molestiae-odio-quis-dolor-repellendus-deleniti-ducimus-ut-recusandae-sed-id-distinctio-illo-provident-officiis-non-magni-incidunt-illum-placeat-eos', 0, 80),
(706, 'Velit repellendus omnis eum aperiam est natus. Quidem nam placeat quas minus harum. Assumenda possimus beatae quia aperiam itaque aspernatur consectetur.', 'Reprehenderit est inventore quo dicta voluptatem reprehenderit. Voluptatum et ratione ea. Natus similique excepturi voluptas qui eaque qui.', '8232573.00', '2019-07-05 13:53:29', '2002-09-15 17:25:00', 1, 'salon-de-jardin1561969249.jpeg', 45, 'velit-repellendus-omnis-eum-aperiam-est-natus-quidem-nam-placeat-quas-minus-harum-assumenda-possimus-beatae-quia-aperiam-itaque-aspernatur-consectetur', 0, 94),
(707, 'Optio ea sunt sequi. Ullam molestiae autem eos omnis qui aut. Impedit voluptas reiciendis quae voluptatem deleniti et. Ea inventore mollitia harum officiis. Voluptatum aut est repellat cumque.', 'Praesentium similique eum debitis est. Non quam quo adipisci officiis.', '7080729.00', '2019-07-05 13:53:29', '2004-11-06 23:49:20', 1, 'volley.jpg', 47, 'optio-ea-sunt-sequi-ullam-molestiae-autem-eos-omnis-qui-aut-impedit-voluptas-reiciendis-quae-voluptatem-deleniti-et-ea-inventore-mollitia-harum-officiis-voluptatum-aut-est-repellat-cumque', 0, 90),
(708, 'Repellendus praesentium et rem quasi nihil dolore ut. Repellendus eum quia saepe est hic fuga. Provident occaecati rerum sunt quisquam adipisci qui. Ut et veritatis veniam magni quis et sunt.', 'Pariatur dolor aut molestiae sapiente consequuntur. Similique natus quia optio sed ut qui facilis. Incidunt vero et quia praesentium voluptatem rerum maxime.', '6714680.00', '2019-07-05 13:53:29', '2019-02-26 13:18:25', 0, 'hamac.jpg', 53, 'repellendus-praesentium-et-rem-quasi-nihil-dolore-ut-repellendus-eum-quia-saepe-est-hic-fuga-provident-occaecati-rerum-sunt-quisquam-adipisci-qui-ut-et-veritatis-veniam-magni-quis-et-sunt', 0, 98),
(709, 'Dolorum cum sit illum et sunt blanditiis temporibus et. Nesciunt repellendus explicabo quia qui laudantium natus.', 'Sint quibusdam ut sit. Praesentium maxime est voluptatem nam illum ut amet occaecati. Sunt amet eos similique ipsam voluptas.', '4356357.00', '2019-07-05 13:53:29', '2006-01-15 23:22:46', 0, 'hamac.jpg', 47, 'dolorum-cum-sit-illum-et-sunt-blanditiis-temporibus-et-nesciunt-repellendus-explicabo-quia-qui-laudantium-natus', 0, 80),
(710, 'Voluptas vitae eligendi accusamus voluptatum tempora. Quam fugiat aut incidunt minus. Sunt consequatur libero ipsa. Unde vitae iusto enim sed tempora sed.', 'Qui voluptatem error at quas porro. Earum quis perferendis repellat rem unde et id soluta. Debitis corrupti minus est consequatur necessitatibus eveniet.', '6704848.00', '2019-07-05 13:53:29', '1998-01-29 10:33:35', 1, 'volley.jpg', 47, 'voluptas-vitae-eligendi-accusamus-voluptatum-tempora-quam-fugiat-aut-incidunt-minus-sunt-consequatur-libero-ipsa-unde-vitae-iusto-enim-sed-tempora-sed', 0, 84),
(711, 'Rem asperiores nulla dolor asperiores a quos. Harum dignissimos sit molestiae sunt nesciunt. Fuga sit rerum aut quisquam rerum omnis. Eos provident quia quaerat veniam. Earum excepturi praesentium omnis minus. Omnis voluptatum sit tenetur.', 'Perspiciatis vel enim pariatur nesciunt alias et odio. Illo ipsum repellendus ut aut illo. Repellat corporis incidunt neque placeat. Numquam voluptas vitae sit inventore.', '4497691.00', '2019-07-05 13:53:29', '2013-12-04 02:56:48', 1, 'hamac.jpg', 44, 'rem-asperiores-nulla-dolor-asperiores-a-quos-harum-dignissimos-sit-molestiae-sunt-nesciunt-fuga-sit-rerum-aut-quisquam-rerum-omnis-eos-provident-quia-quaerat-veniam-earum-excepturi-praesentium-omnis-minus-omnis-voluptatum-sit-tenetur', 0, 90),
(712, 'Tenetur nulla id consequuntur consectetur aut enim exercitationem. Voluptatem et aut aperiam natus nisi. Quia sit facere enim sed molestiae qui accusantium voluptatem.', 'Et in laudantium aspernatur hic labore omnis velit illum. Vel voluptatem quia et error et. In ex voluptate explicabo ad beatae. Ut dolorum nihil inventore sunt occaecati omnis.', '2243332.00', '2019-07-05 13:53:29', '2009-04-14 20:33:44', 1, 'piscine.jpg', 49, 'tenetur-nulla-id-consequuntur-consectetur-aut-enim-exercitationem-voluptatem-et-aut-aperiam-natus-nisi-quia-sit-facere-enim-sed-molestiae-qui-accusantium-voluptatem', 0, 90),
(713, 'Quaerat tempore error est facilis. Voluptatum nostrum vero nihil et. Ut omnis labore sunt magni itaque officia. Recusandae sapiente qui soluta rerum dolorem et sint laborum.', 'Fugiat itaque eius quia ut non maiores rerum. Quam voluptas iste molestias. Rem veritatis tenetur neque quibusdam est sint corporis aut.', '5722513.00', '2019-07-05 13:53:29', '2015-02-19 15:58:01', 0, 'parasol.jpg', 51, 'quaerat-tempore-error-est-facilis-voluptatum-nostrum-vero-nihil-et-ut-omnis-labore-sunt-magni-itaque-officia-recusandae-sapiente-qui-soluta-rerum-dolorem-et-sint-laborum', 0, 82),
(714, 'Provident inventore recusandae id modi repellat distinctio. Quos voluptatem assumenda ipsa consequuntur. Rem laborum magnam corporis quas autem ut voluptates.', 'Sed nihil perspiciatis nostrum recusandae quam. Ullam optio est explicabo. Omnis esse sed et voluptatem quo.', '2200813.00', '2019-07-05 13:53:29', '1972-09-12 10:38:35', 0, 'piscine.jpg', 50, 'provident-inventore-recusandae-id-modi-repellat-distinctio-quos-voluptatem-assumenda-ipsa-consequuntur-rem-laborum-magnam-corporis-quas-autem-ut-voluptates', 0, 82),
(715, 'Ut voluptatem tenetur tempore et. Non atque aut enim provident facere modi molestiae. Quod culpa minus et et et voluptatibus expedita. Reprehenderit corporis aut repellat officia. Dolor ut minus voluptas recusandae explicabo.', 'Id laboriosam porro sit rerum nam nulla exercitationem. Ut pariatur ut reprehenderit sit maxime. Doloremque non et fuga fugit qui.', '8023054.00', '2019-07-05 13:53:29', '1993-05-11 02:08:43', 1, 'hamac.jpg', 46, 'ut-voluptatem-tenetur-tempore-et-non-atque-aut-enim-provident-facere-modi-molestiae-quod-culpa-minus-et-et-et-voluptatibus-expedita-reprehenderit-corporis-aut-repellat-officia-dolor-ut-minus-voluptas-recusandae-explicabo', 0, 93),
(716, 'Autem fugiat similique neque nesciunt possimus. Non est quas architecto assumenda. Veritatis illo nihil incidunt est aut pariatur aut. Nostrum atque quia sit sunt. Voluptates quis repellendus non expedita sed.', 'Fuga porro perferendis minima saepe aut minima. Perspiciatis et sed sit minima neque.', '6837753.00', '2019-07-05 13:53:29', '1992-11-16 10:14:06', 0, 'salon-de-jardin1561969249.jpeg', 53, 'autem-fugiat-similique-neque-nesciunt-possimus-non-est-quas-architecto-assumenda-veritatis-illo-nihil-incidunt-est-aut-pariatur-aut-nostrum-atque-quia-sit-sunt-voluptates-quis-repellendus-non-expedita-sed', 0, 86),
(717, 'Sequi rem modi quia. Maiores dignissimos ut hic sit aliquid. Occaecati voluptates dolor consequatur reiciendis. Consequatur voluptates magnam voluptas expedita.', 'Qui aliquam officia saepe suscipit architecto. Est quidem nostrum recusandae sapiente quia perspiciatis adipisci et. Quia tempora omnis aut harum. Ut quibusdam in nemo quia ducimus in cumque.', '9444052.00', '2019-07-05 13:53:29', '1991-02-21 02:16:29', 1, 'table1561727671.jpeg', 45, 'sequi-rem-modi-quia-maiores-dignissimos-ut-hic-sit-aliquid-occaecati-voluptates-dolor-consequatur-reiciendis-consequatur-voluptates-magnam-voluptas-expedita', 0, 85),
(718, 'Aut ullam sint nihil. Et mollitia et nisi qui voluptatem in consequuntur. Aut rerum architecto ducimus repellat ut. Doloremque accusantium cupiditate voluptatem occaecati ipsa. Reprehenderit quia aliquam quibusdam excepturi voluptatem labore.', 'Labore nesciunt quia nemo consequuntur asperiores esse optio laborum. Error unde consequatur sapiente dolores est eum. Nulla nihil ut in quasi harum voluptatem vel.', '8461782.00', '2019-07-05 13:53:29', '1989-12-20 10:12:33', 0, 'volley.jpg', 53, 'aut-ullam-sint-nihil-et-mollitia-et-nisi-qui-voluptatem-in-consequuntur-aut-rerum-architecto-ducimus-repellat-ut-doloremque-accusantium-cupiditate-voluptatem-occaecati-ipsa-reprehenderit-quia-aliquam-quibusdam-excepturi-voluptatem-labore', 0, 87),
(719, 'Deserunt ullam similique iste ut ab est qui corrupti. Exercitationem aliquid amet est asperiores quos voluptatem provident. Similique reiciendis illo molestiae ratione.', 'Reiciendis natus sit dolores iusto optio rem voluptas. Est perferendis eos nemo inventore. Sunt natus quod aut occaecati et.', '7611915.00', '2019-07-05 13:53:29', '1994-08-10 22:14:51', 1, 'piscine.jpg', 50, 'deserunt-ullam-similique-iste-ut-ab-est-qui-corrupti-exercitationem-aliquid-amet-est-asperiores-quos-voluptatem-provident-similique-reiciendis-illo-molestiae-ratione', 0, 88),
(720, 'Repudiandae sint dolor facere quis earum fuga. Sunt voluptates tempore sit. Quisquam recusandae libero pariatur velit. Sint ut similique odit alias tempora recusandae ex.', 'Tempore quis saepe non praesentium assumenda est. Repellat molestias et earum autem autem. Incidunt sed sint temporibus pariatur.', '9628603.00', '2019-07-05 13:53:29', '1980-04-27 18:46:24', 1, 'piscine.jpg', 44, 'repudiandae-sint-dolor-facere-quis-earum-fuga-sunt-voluptates-tempore-sit-quisquam-recusandae-libero-pariatur-velit-sint-ut-similique-odit-alias-tempora-recusandae-ex', 0, 89),
(721, 'Officiis quia eius fuga dolore. Dolorum exercitationem cupiditate facere. Ullam et enim temporibus consequatur.', 'Eum praesentium reprehenderit sit non deleniti unde repellendus incidunt. Voluptas ea eligendi expedita facilis vel repellat vero.', '5184671.00', '2019-07-05 13:53:29', '2001-04-29 09:20:19', 1, 'salon-de-jardin1561969249.jpeg', 44, 'officiis-quia-eius-fuga-dolore-dolorum-exercitationem-cupiditate-facere-ullam-et-enim-temporibus-consequatur', 0, 88),
(722, 'Dolor officiis et dicta sed ratione rerum vel sequi. Quisquam sit debitis consequatur necessitatibus. Sed odit quos eveniet itaque. Amet dolor aut vero quaerat est. Non amet eaque voluptatem molestias nam error.', 'Nesciunt rem officiis sit voluptate eos labore. Minima sunt architecto nulla nulla.', '4574732.00', '2019-07-05 13:53:29', '1999-09-08 09:00:19', 1, 'hamac.jpg', 50, 'dolor-officiis-et-dicta-sed-ratione-rerum-vel-sequi-quisquam-sit-debitis-consequatur-necessitatibus-sed-odit-quos-eveniet-itaque-amet-dolor-aut-vero-quaerat-est-non-amet-eaque-voluptatem-molestias-nam-error', 0, 80),
(723, 'Facere repellat consectetur non. Adipisci perspiciatis libero consequatur ut autem reiciendis aut. Similique consequuntur odit architecto alias. Dignissimos iusto sed fugiat soluta. Sit ut harum et rerum recusandae nemo aut non.', 'Nihil dicta harum delectus magnam. Ab non earum veritatis. Optio sit numquam optio. Quo aliquid eum non occaecati incidunt sit. Ea minima dolorem aut exercitationem quo.', '8463048.00', '2019-07-05 13:53:29', '1974-10-25 22:31:44', 1, 'volley.jpg', 44, 'facere-repellat-consectetur-non-adipisci-perspiciatis-libero-consequatur-ut-autem-reiciendis-aut-similique-consequuntur-odit-architecto-alias-dignissimos-iusto-sed-fugiat-soluta-sit-ut-harum-et-rerum-recusandae-nemo-aut-non', 0, 99),
(724, 'Repellendus et pariatur nulla aspernatur. Eveniet sed sit delectus voluptatem ipsam. Dicta optio rerum rerum vel.', 'Vero occaecati quidem fuga omnis. Tenetur sed quod facere est.', '7254719.00', '2019-07-05 13:53:29', '2010-08-10 22:34:43', 0, 'volley.jpg', 49, 'repellendus-et-pariatur-nulla-aspernatur-eveniet-sed-sit-delectus-voluptatem-ipsam-dicta-optio-rerum-rerum-vel', 0, 89),
(725, 'Aut nihil qui blanditiis et delectus. Hic neque placeat pariatur laudantium autem ut. Laborum sunt nemo neque facilis quos.', 'Minus atque voluptas sapiente maxime qui. Eos totam quam debitis harum. Accusamus consequatur maiores ratione et. Expedita reprehenderit tempore aut mollitia.', '9749811.00', '2019-07-05 13:53:29', '1995-03-09 12:20:08', 0, 'seau-de-plage1561969551.jpeg', 49, 'aut-nihil-qui-blanditiis-et-delectus-hic-neque-placeat-pariatur-laudantium-autem-ut-laborum-sunt-nemo-neque-facilis-quos', 0, 95),
(726, 'Magnam laborum molestias eius cumque voluptas. Consectetur quaerat sed iure repellat assumenda amet culpa est. Et accusamus et accusamus unde totam. Exercitationem in saepe excepturi nostrum aut.', 'Suscipit quos et voluptas deserunt provident temporibus. Sed sint sunt possimus assumenda in enim eveniet. Quam tenetur saepe ut consequatur ut. Rem perspiciatis quod et ad cupiditate a.', '3165329.00', '2019-07-05 13:53:29', '2013-04-12 20:58:44', 1, 'volley.jpg', 45, 'magnam-laborum-molestias-eius-cumque-voluptas-consectetur-quaerat-sed-iure-repellat-assumenda-amet-culpa-est-et-accusamus-et-accusamus-unde-totam-exercitationem-in-saepe-excepturi-nostrum-aut', 0, 96),
(727, 'Vel et sit sit reiciendis. Error dolor et impedit porro velit quo vel. Rerum ut eaque voluptatem veniam facilis. Modi quod inventore minima nemo. Pariatur possimus et reiciendis aut consequatur.', 'Ut commodi eaque sit quo at totam sed excepturi. Id dolorem blanditiis dignissimos est quia. Dicta voluptatem qui est architecto vero est.', '2523475.00', '2019-07-05 13:53:29', '1983-05-02 03:14:42', 0, 'seau-de-plage1561969551.jpeg', 44, 'vel-et-sit-sit-reiciendis-error-dolor-et-impedit-porro-velit-quo-vel-rerum-ut-eaque-voluptatem-veniam-facilis-modi-quod-inventore-minima-nemo-pariatur-possimus-et-reiciendis-aut-consequatur', 0, 89),
(728, 'Quam numquam id ratione dolorum officiis est. Omnis nulla voluptatibus ducimus quisquam sit enim enim. Rerum ut iste voluptate quae sit.', 'Quae velit accusantium aut illo. Perferendis ab laudantium possimus fugiat facere. Est nam vero ea et. Ipsum voluptates laboriosam ut.', '1821266.00', '2019-07-05 13:53:29', '1986-03-05 18:38:58', 0, 'salon-de-jardin1561969249.jpeg', 51, 'quam-numquam-id-ratione-dolorum-officiis-est-omnis-nulla-voluptatibus-ducimus-quisquam-sit-enim-enim-rerum-ut-iste-voluptate-quae-sit', 0, 89),
(729, 'Sed dolor deleniti harum atque qui quia. Commodi ullam blanditiis dolor suscipit numquam quia dolorem nihil. Eligendi sit est nostrum cumque ut provident.', 'Quia et tempore esse inventore asperiores. Sunt doloremque minima est praesentium sit ex quas. Ratione facere in consequatur omnis ut.', '3672101.00', '2019-07-05 13:53:29', '2014-06-28 09:03:00', 1, 'parasol.jpg', 50, 'sed-dolor-deleniti-harum-atque-qui-quia-commodi-ullam-blanditiis-dolor-suscipit-numquam-quia-dolorem-nihil-eligendi-sit-est-nostrum-cumque-ut-provident', 0, 84),
(730, 'Dicta sed omnis et voluptatem quia nemo. Fuga harum sequi eveniet. Nihil aliquid pariatur nihil provident consequatur. Dolorem sunt ut consequatur porro dolorem perspiciatis. Atque sit maiores dicta ut ratione omnis officia sunt.', 'Dolores aut id dicta ab occaecati suscipit. Molestias tempore et quisquam blanditiis. Aut dolor distinctio impedit vero.', '2037243.00', '2019-07-05 13:53:29', '2018-07-19 23:44:19', 1, 'parasol.jpg', 52, 'dicta-sed-omnis-et-voluptatem-quia-nemo-fuga-harum-sequi-eveniet-nihil-aliquid-pariatur-nihil-provident-consequatur-dolorem-sunt-ut-consequatur-porro-dolorem-perspiciatis-atque-sit-maiores-dicta-ut-ratione-omnis-officia-sunt', 0, 85),
(731, 'Voluptatem nemo qui unde cupiditate. Enim deserunt quis odio dolores harum quidem explicabo velit. Cum sunt aut aliquam et illo ex non. Culpa eos sit alias dolor vel ut ut.', 'Impedit molestias vel eius quisquam repudiandae laudantium. In magni aspernatur architecto nam autem sit. Ea et sunt eos nemo totam fugit quia.', '4173730.00', '2019-07-05 13:53:29', '2012-11-14 18:20:43', 1, 'parasol.jpg', 52, 'voluptatem-nemo-qui-unde-cupiditate-enim-deserunt-quis-odio-dolores-harum-quidem-explicabo-velit-cum-sunt-aut-aliquam-et-illo-ex-non-culpa-eos-sit-alias-dolor-vel-ut-ut', 0, 80),
(732, 'Minus provident inventore aut. Sit sequi architecto corporis quidem. Ab qui quia occaecati nisi enim qui. Quasi qui atque exercitationem esse totam adipisci.', 'Molestias voluptates saepe a omnis autem. Molestiae aut ut laudantium sunt ipsum voluptas. Sunt ex officia sit et.', '8484787.00', '2019-07-05 13:53:29', '1988-12-07 21:49:45', 0, 'volley.jpg', 44, 'minus-provident-inventore-aut-sit-sequi-architecto-corporis-quidem-ab-qui-quia-occaecati-nisi-enim-qui-quasi-qui-atque-exercitationem-esse-totam-adipisci', 0, 80),
(733, 'Et delectus consequatur cum quibusdam. Dolore rerum blanditiis modi sit cumque. Placeat itaque dolore magnam.', 'Praesentium quis voluptas quas illum. Rem et esse sit minus velit inventore veniam. Sed voluptatem fugit sed earum excepturi quaerat dolores. Cupiditate nihil culpa perferendis.', '5455078.00', '2019-07-05 13:53:29', '2008-04-30 16:19:22', 0, 'salon-de-jardin1561969249.jpeg', 51, 'et-delectus-consequatur-cum-quibusdam-dolore-rerum-blanditiis-modi-sit-cumque-placeat-itaque-dolore-magnam', 0, 87),
(734, 'Velit aut eaque accusamus. Vero rem dolorem aliquid distinctio perspiciatis quis repellendus. Perspiciatis consequatur eum nisi perspiciatis aut blanditiis nihil dolorum.', 'Suscipit expedita molestias error. Dolor totam quasi labore et. Magni atque ipsam repellendus ea est dolor eum. In consectetur non ut tenetur deleniti ab mollitia.', '7842952.00', '2019-07-05 13:53:29', '1994-06-30 07:55:22', 1, 'table1561727671.jpeg', 47, 'velit-aut-eaque-accusamus-vero-rem-dolorem-aliquid-distinctio-perspiciatis-quis-repellendus-perspiciatis-consequatur-eum-nisi-perspiciatis-aut-blanditiis-nihil-dolorum', 0, 99),
(735, 'Facilis aspernatur cumque occaecati et omnis. Ab distinctio aliquam porro aut. Est atque sapiente quia rerum similique officia nihil iure. Saepe quas fugit quam enim fuga enim velit quidem.', 'Vero quaerat tempore quia nesciunt necessitatibus ut alias. Et consequatur ut illum quis.', '7246887.00', '2019-07-05 13:53:29', '1982-07-23 04:00:20', 0, 'parasol.jpg', 46, 'facilis-aspernatur-cumque-occaecati-et-omnis-ab-distinctio-aliquam-porro-aut-est-atque-sapiente-quia-rerum-similique-officia-nihil-iure-saepe-quas-fugit-quam-enim-fuga-enim-velit-quidem', 0, 85),
(736, 'Repellendus quasi quod beatae velit sed qui exercitationem animi. Sint aut quae sed quia. Nobis corrupti qui atque dignissimos.', 'Labore repudiandae reiciendis non distinctio necessitatibus excepturi voluptatem necessitatibus. Aut eum eos eligendi et maiores. Libero laudantium assumenda nobis cumque quia.', '4508644.00', '2019-07-05 13:53:29', '1998-12-13 04:36:39', 1, 'table1561727671.jpeg', 49, 'repellendus-quasi-quod-beatae-velit-sed-qui-exercitationem-animi-sint-aut-quae-sed-quia-nobis-corrupti-qui-atque-dignissimos', 0, 85),
(737, 'Pariatur est minus officiis iure pariatur ut. Est et quaerat sunt minus ratione enim incidunt. Sed ut ea repellat iure dolorem. Placeat exercitationem ex qui.', 'Adipisci aperiam eligendi quod est sed enim quia aliquid. Adipisci sit qui dolores. Et deleniti sunt velit magnam. Nulla alias qui deleniti quae rerum expedita suscipit.', '7176984.00', '2019-07-05 13:53:29', '2013-10-14 06:47:22', 1, 'seau-de-plage1561969551.jpeg', 49, 'pariatur-est-minus-officiis-iure-pariatur-ut-est-et-quaerat-sunt-minus-ratione-enim-incidunt-sed-ut-ea-repellat-iure-dolorem-placeat-exercitationem-ex-qui', 0, 82),
(738, 'Esse et eius qui est labore et ut eos. Cumque sunt doloribus cum. Architecto distinctio aspernatur assumenda laudantium ducimus. Doloremque et inventore similique eum commodi.', 'Earum accusantium placeat consequatur dicta cupiditate. Deserunt aut quaerat odio et nostrum molestias illo nesciunt. Ut tenetur repudiandae ullam explicabo est quos.', '9025347.00', '2019-07-05 13:53:29', '1979-09-19 23:01:26', 1, 'parasol.jpg', 52, 'esse-et-eius-qui-est-labore-et-ut-eos-cumque-sunt-doloribus-cum-architecto-distinctio-aspernatur-assumenda-laudantium-ducimus-doloremque-et-inventore-similique-eum-commodi', 0, 93),
(739, 'Totam distinctio voluptatem delectus qui magni ut hic molestiae. Vel nostrum occaecati corporis enim et quod. Omnis eius magnam ea blanditiis.', 'Maiores maiores accusamus eos qui aut dolores. Voluptas explicabo deleniti facere nulla est nostrum quia. Non debitis quo aut dolorem. Optio omnis ducimus blanditiis minus nobis deserunt a.', '3227380.00', '2019-07-05 13:53:29', '1976-10-31 17:04:17', 0, 'piscine.jpg', 46, 'totam-distinctio-voluptatem-delectus-qui-magni-ut-hic-molestiae-vel-nostrum-occaecati-corporis-enim-et-quod-omnis-eius-magnam-ea-blanditiis', 0, 81),
(740, 'Molestiae dolores corrupti qui eligendi sit non sit corrupti. Aut libero omnis vel amet aliquam. Esse assumenda nesciunt ut pariatur rerum reiciendis maxime. Explicabo dignissimos ea iste libero itaque nemo perferendis fugiat.', 'Nesciunt earum et sit fugit. Ut rerum labore nam excepturi qui fuga voluptas quo. Voluptatem quos quia tempora consequuntur quis. Sunt in esse aliquam officia occaecati. Fuga sequi ut qui molestiae.', '6368060.00', '2019-07-05 13:53:29', '1991-03-05 20:16:06', 1, 'piscine.jpg', 47, 'molestiae-dolores-corrupti-qui-eligendi-sit-non-sit-corrupti-aut-libero-omnis-vel-amet-aliquam-esse-assumenda-nesciunt-ut-pariatur-rerum-reiciendis-maxime-explicabo-dignissimos-ea-iste-libero-itaque-nemo-perferendis-fugiat', 0, 92),
(741, 'Eos delectus ea ratione enim rerum corporis labore excepturi. Doloremque et quia nisi tempora dignissimos rerum suscipit. Esse quia fugiat modi sit voluptatem quaerat.', 'Aut laboriosam sint et id sint autem quasi. Suscipit sed qui cum beatae illum. Optio enim aut consequuntur qui optio soluta placeat. Voluptatem in numquam ea.', '2439399.00', '2019-07-05 13:53:29', '1974-11-16 15:44:09', 1, 'piscine.jpg', 51, 'eos-delectus-ea-ratione-enim-rerum-corporis-labore-excepturi-doloremque-et-quia-nisi-tempora-dignissimos-rerum-suscipit-esse-quia-fugiat-modi-sit-voluptatem-quaerat', 0, 85),
(742, 'Mollitia sunt dicta cupiditate quibusdam delectus deleniti optio. Dolorem est deleniti aliquam animi. Rerum saepe aliquid nesciunt labore ullam earum eos. Quo cupiditate accusamus est iure. Perspiciatis velit sunt quasi eum corrupti eum omnis.', 'Recusandae nulla alias saepe eveniet praesentium alias. Ab fugiat dolorum assumenda autem aliquid nesciunt. Laboriosam exercitationem est quis nostrum esse eum voluptas.', '99628.00', '2019-07-05 13:53:29', '1974-12-05 09:12:08', 0, 'chaise.jpg', 44, 'mollitia-sunt-dicta-cupiditate-quibusdam-delectus-deleniti-optio-dolorem-est-deleniti-aliquam-animi-rerum-saepe-aliquid-nesciunt-labore-ullam-earum-eos-quo-cupiditate-accusamus-est-iure-perspiciatis-velit-sunt-quasi-eum-corrupti-eum-omnis', 0, 87),
(743, 'Cum at rerum quisquam ratione voluptate. Dolore odio atque magnam aut praesentium error eligendi nemo. Voluptatem ut dicta eum ea a nulla et porro. Earum ut aliquid itaque nihil autem.', 'Eaque expedita accusamus harum error. Rem eveniet velit autem aperiam quae. Rerum commodi sint possimus distinctio tempora. Sapiente exercitationem cum sint vel porro natus quo.', '9894772.00', '2019-07-05 13:53:29', '2016-11-20 02:01:26', 0, 'salon-de-jardin1561969249.jpeg', 52, 'cum-at-rerum-quisquam-ratione-voluptate-dolore-odio-atque-magnam-aut-praesentium-error-eligendi-nemo-voluptatem-ut-dicta-eum-ea-a-nulla-et-porro-earum-ut-aliquid-itaque-nihil-autem', 0, 91),
(744, 'Perspiciatis neque rerum ut eius aut culpa. Qui voluptatem ipsum fugiat ab velit voluptatibus. Autem ea ipsam corporis sint voluptatem deleniti dolore iste. Veniam ea ipsa aut illum nihil nostrum sequi. Aliquid deserunt ut omnis reiciendis accusantium.', 'Sed fugiat sit dicta sunt optio et est adipisci. Rerum vel omnis iste error ratione laborum. At ea dolores quo dolorum quis expedita minima. Molestiae laboriosam sunt ut quia.', '3575450.00', '2019-07-05 13:53:29', '1977-04-20 05:27:52', 1, 'piscine.jpg', 52, 'perspiciatis-neque-rerum-ut-eius-aut-culpa-qui-voluptatem-ipsum-fugiat-ab-velit-voluptatibus-autem-ea-ipsam-corporis-sint-voluptatem-deleniti-dolore-iste-veniam-ea-ipsa-aut-illum-nihil-nostrum-sequi-aliquid-deserunt-ut-omnis-reiciendis-accusantium', 0, 94),
(745, 'Autem possimus aspernatur dolores. Incidunt dolorum quia sunt hic. Voluptas a recusandae fugiat dolore perferendis quae dolor. Sed cum excepturi eaque ipsum ut minima corrupti. Itaque minima sint qui exercitationem eligendi repellat dicta quibusdam.', 'Aut quis et doloremque omnis explicabo et. Dolorum error possimus quae. Est dolor facere ea eius optio sed. Hic rem autem quia eum in quam.', '333813.00', '2019-07-05 13:53:29', '1983-01-26 02:49:45', 0, 'chaise.jpg', 48, 'autem-possimus-aspernatur-dolores-incidunt-dolorum-quia-sunt-hic-voluptas-a-recusandae-fugiat-dolore-perferendis-quae-dolor-sed-cum-excepturi-eaque-ipsum-ut-minima-corrupti-itaque-minima-sint-qui-exercitationem-eligendi-repellat-dicta-quibusdam', 0, 97),
(746, 'Corporis ea qui officia ipsam. Nam est delectus aut voluptas iure ut non. Repellendus quisquam soluta tempora ab. Facere qui quisquam deserunt. Animi consequatur repellat aut velit omnis. Dolor nihil esse dolorum qui.', 'Assumenda et in enim eaque. Et debitis vel aperiam rem aut. Nobis id eum dignissimos similique. Non earum in harum eaque quidem nobis error.', '5265452.00', '2019-07-05 13:53:29', '2002-12-22 00:13:01', 0, 'salon-de-jardin1561969249.jpeg', 51, 'corporis-ea-qui-officia-ipsam-nam-est-delectus-aut-voluptas-iure-ut-non-repellendus-quisquam-soluta-tempora-ab-facere-qui-quisquam-deserunt-animi-consequatur-repellat-aut-velit-omnis-dolor-nihil-esse-dolorum-qui', 0, 95),
(747, 'In libero quos molestiae fugiat voluptatem. Et perspiciatis consectetur qui voluptates animi. Autem accusantium qui vel dicta et quo.', 'Quam voluptate officia cumque praesentium fugit eum. Voluptas soluta ut non ut laboriosam in. Sed animi laboriosam numquam quas odit quaerat dolores. Quibusdam expedita ea non velit itaque natus et.', '9677857.00', '2019-07-05 13:53:29', '2016-04-21 11:49:14', 1, 'hamac.jpg', 52, 'in-libero-quos-molestiae-fugiat-voluptatem-et-perspiciatis-consectetur-qui-voluptates-animi-autem-accusantium-qui-vel-dicta-et-quo', 0, 85),
(748, 'Minus quia repellendus numquam nemo voluptates. Quia dolor vitae tempore labore tempore. Molestiae asperiores provident eum et. Autem ut vel modi.', 'Et rerum facere occaecati dolore optio. Commodi aut consequatur velit corrupti ex odit molestiae delectus. Hic debitis et libero quas sit dignissimos. Est magnam adipisci quidem quisquam reiciendis.', '8012602.00', '2019-07-05 13:53:29', '2002-05-18 06:32:45', 0, 'hamac.jpg', 44, 'minus-quia-repellendus-numquam-nemo-voluptates-quia-dolor-vitae-tempore-labore-tempore-molestiae-asperiores-provident-eum-et-autem-ut-vel-modi', 0, 89),
(749, 'Quod quia eum cum accusantium ut. Rem nobis quaerat omnis quia dolore error sunt alias. Ut est et voluptas exercitationem molestiae reiciendis.', 'Ducimus eum expedita sed enim quas qui. Aut quaerat distinctio alias est molestiae cumque rerum facere. Non quo odit in suscipit eos et et.', '7587329.00', '2019-07-05 13:53:29', '1976-01-18 19:20:39', 0, 'hamac.jpg', 50, 'quod-quia-eum-cum-accusantium-ut-rem-nobis-quaerat-omnis-quia-dolore-error-sunt-alias-ut-est-et-voluptas-exercitationem-molestiae-reiciendis', 0, 89),
(750, 'Consequuntur quia voluptatibus aspernatur rerum eum laboriosam. Praesentium qui suscipit non amet voluptatem est magni. Minima voluptatem doloribus nesciunt distinctio aspernatur accusamus.', 'Pariatur maiores ipsum commodi facilis expedita ipsam quos. Sed voluptate asperiores voluptatibus aperiam nihil. Alias non quas sit. Ea voluptatem dolores accusantium adipisci maxime modi ut.', '9053852.00', '2019-07-05 13:53:29', '1986-08-09 20:59:33', 1, 'parasol.jpg', 50, 'consequuntur-quia-voluptatibus-aspernatur-rerum-eum-laboriosam-praesentium-qui-suscipit-non-amet-voluptatem-est-magni-minima-voluptatem-doloribus-nesciunt-distinctio-aspernatur-accusamus', 0, 95),
(751, 'Repellat itaque odit qui quia voluptas et. Similique voluptas ut quod consequuntur est. Cupiditate officia dolores fugit dolor in culpa itaque.', 'Aut minima minus eum illum. Natus error voluptas architecto et autem et voluptatum. Eos voluptatem temporibus perspiciatis dolor distinctio et.', '3075223.00', '2019-07-05 13:53:29', '2008-03-01 10:57:28', 1, 'table1561727671.jpeg', 53, 'repellat-itaque-odit-qui-quia-voluptas-et-similique-voluptas-ut-quod-consequuntur-est-cupiditate-officia-dolores-fugit-dolor-in-culpa-itaque', 0, 99),
(752, 'Dignissimos qui autem possimus quo et. Voluptas dolores vel totam est cum recusandae iure eveniet. Sint unde architecto accusamus autem et qui. Quibusdam deleniti impedit pariatur dolorem.', 'Fugit neque omnis provident consequuntur eum similique itaque. Sed ipsum ut sed nobis. Vel officia et accusantium qui vitae quibusdam aut non.', '1844382.00', '2019-07-05 13:53:29', '1980-01-09 21:50:36', 1, 'piscine.jpg', 51, 'dignissimos-qui-autem-possimus-quo-et-voluptas-dolores-vel-totam-est-cum-recusandae-iure-eveniet-sint-unde-architecto-accusamus-autem-et-qui-quibusdam-deleniti-impedit-pariatur-dolorem', 0, 82),
(753, 'Voluptates consequuntur impedit et ad et id et. Est incidunt rerum aut suscipit. Quas sit cupiditate voluptatum.', 'Ipsum est repellendus adipisci in error perferendis. Dolorem et ad ullam officiis voluptatem quo. Itaque dolores dolor accusantium dolorem. Incidunt dolorum aperiam voluptatem omnis natus eum.', '3397193.00', '2019-07-05 13:53:29', '1976-04-15 17:29:52', 0, 'parasol.jpg', 49, 'voluptates-consequuntur-impedit-et-ad-et-id-et-est-incidunt-rerum-aut-suscipit-quas-sit-cupiditate-voluptatum', 0, 89),
(754, 'Aperiam consequatur dignissimos in soluta expedita dicta eum nulla. Labore ut vero nisi dolor. Corporis aut dicta veniam facere nostrum repellat. Et eum consectetur quasi qui. Ipsam aperiam consectetur repudiandae omnis eum optio.', 'Qui eius nihil qui. Et et consequatur exercitationem aut qui optio nemo enim. At perspiciatis odio ipsa delectus. Ea adipisci excepturi expedita similique nulla.', '9881235.00', '2019-07-05 13:53:29', '2003-02-16 13:33:30', 0, 'chaise.jpg', 46, 'aperiam-consequatur-dignissimos-in-soluta-expedita-dicta-eum-nulla-labore-ut-vero-nisi-dolor-corporis-aut-dicta-veniam-facere-nostrum-repellat-et-eum-consectetur-quasi-qui-ipsam-aperiam-consectetur-repudiandae-omnis-eum-optio', 0, 87),
(755, 'Et est quos nemo quam aut. Ut voluptas aliquid enim odit rerum. Numquam et quibusdam dolores reprehenderit. Deleniti facere nobis debitis maxime.', 'Quod dolorum harum corrupti consectetur quia. Sunt modi id eaque quisquam. Odit quaerat omnis nisi accusantium ut est deserunt. Repellendus reiciendis repellat nostrum fugit.', '7660887.00', '2019-07-05 13:53:29', '1999-12-10 20:55:52', 0, 'chaise.jpg', 44, 'et-est-quos-nemo-quam-aut-ut-voluptas-aliquid-enim-odit-rerum-numquam-et-quibusdam-dolores-reprehenderit-deleniti-facere-nobis-debitis-maxime', 0, 84),
(756, 'Iure ut est hic est in distinctio. Repudiandae at id expedita nesciunt sit occaecati. Ipsum mollitia sed molestiae aut asperiores a.', 'Sunt voluptatem voluptas quam excepturi ea perspiciatis. Est nostrum consequatur voluptatem error. Sequi dolorem ut odit dicta.', '6778712.00', '2019-07-05 13:53:29', '1995-01-07 18:49:15', 1, 'salon-de-jardin1561969249.jpeg', 52, 'iure-ut-est-hic-est-in-distinctio-repudiandae-at-id-expedita-nesciunt-sit-occaecati-ipsum-mollitia-sed-molestiae-aut-asperiores-a', 0, 96),
(757, 'Dignissimos voluptas nihil qui nihil. Velit minima laudantium a quasi rerum. Ipsam officia nesciunt dignissimos et eaque autem.', 'Consequuntur molestiae harum et est id a. Eos magnam magnam cumque est praesentium eaque doloremque. Aperiam ratione praesentium laudantium ut. Fuga dolor quae perspiciatis blanditiis labore tempora.', '6486089.00', '2019-07-05 13:53:29', '1993-09-06 12:10:00', 0, 'table1561727671.jpeg', 46, 'dignissimos-voluptas-nihil-qui-nihil-velit-minima-laudantium-a-quasi-rerum-ipsam-officia-nesciunt-dignissimos-et-eaque-autem', 0, 87),
(758, 'Dolorem cupiditate alias molestiae reiciendis porro voluptates. Perferendis et ullam voluptatem qui et itaque. Omnis ducimus nostrum asperiores magnam error ut maxime. Architecto quia laborum dicta incidunt placeat nostrum soluta.', 'Modi incidunt dolore minima nulla. Reprehenderit maiores et eos debitis. Sit neque est veritatis quo delectus. Alias quos dolorem accusamus repellat voluptatibus pariatur.', '6588998.00', '2019-07-05 13:53:29', '2002-02-10 11:10:18', 1, 'chaise.jpg', 48, 'dolorem-cupiditate-alias-molestiae-reiciendis-porro-voluptates-perferendis-et-ullam-voluptatem-qui-et-itaque-omnis-ducimus-nostrum-asperiores-magnam-error-ut-maxime-architecto-quia-laborum-dicta-incidunt-placeat-nostrum-soluta', 0, 93),
(759, 'Omnis ipsam consequatur et dicta quam. Beatae iure hic quam voluptatem eaque provident rerum sit.', 'Rem dicta hic aut velit facere. Sint sed eveniet pariatur possimus dolor molestias.', '7451676.00', '2019-07-05 13:53:29', '2002-05-27 00:11:51', 1, 'seau-de-plage1561969551.jpeg', 47, 'omnis-ipsam-consequatur-et-dicta-quam-beatae-iure-hic-quam-voluptatem-eaque-provident-rerum-sit', 0, 95),
(760, 'Et voluptas fugiat commodi beatae nam sint. Saepe dolores ut qui qui reiciendis aliquam deleniti. Quia magni voluptate qui cupiditate rerum. Voluptate quis odio vitae non.', 'Necessitatibus voluptatum repudiandae sunt aperiam. Commodi commodi quos eligendi est. Et dolor dolor porro incidunt dolores.', '7203554.00', '2019-07-05 13:53:29', '1975-11-28 15:05:13', 0, 'piscine.jpg', 50, 'et-voluptas-fugiat-commodi-beatae-nam-sint-saepe-dolores-ut-qui-qui-reiciendis-aliquam-deleniti-quia-magni-voluptate-qui-cupiditate-rerum-voluptate-quis-odio-vitae-non', 0, 94),
(761, 'Sed molestias accusamus eligendi dolor. Nostrum ut nihil velit autem quaerat eveniet cupiditate. Pariatur veritatis est voluptatem architecto est a quod.', 'Et deserunt nihil delectus dolor incidunt. Ab voluptas praesentium sunt voluptatem accusantium quas nobis. Excepturi pariatur doloribus sit recusandae reiciendis.', '6756167.00', '2019-07-05 13:53:29', '2009-07-24 07:55:31', 1, 'salon-de-jardin1561969249.jpeg', 52, 'sed-molestias-accusamus-eligendi-dolor-nostrum-ut-nihil-velit-autem-quaerat-eveniet-cupiditate-pariatur-veritatis-est-voluptatem-architecto-est-a-quod', 0, 87),
(762, 'Ratione sit in incidunt repudiandae. Earum consequatur et qui voluptas doloremque.', 'Dolorum est quis rerum. Ut itaque ipsa consectetur architecto. Deserunt hic eum doloribus.', '2583980.00', '2019-07-05 13:53:29', '1970-12-08 08:11:47', 0, 'table1561727671.jpeg', 45, 'ratione-sit-in-incidunt-repudiandae-earum-consequatur-et-qui-voluptas-doloremque', 0, 98),
(763, 'Voluptatem harum quisquam qui exercitationem. Doloribus cum consequatur quas mollitia dolorem facere. Magnam ducimus mollitia consectetur unde. Dolores illum aliquid vitae facilis.', 'Sit tempora voluptas vitae et ex. Similique iste sapiente sed quia. Rerum voluptates quisquam placeat qui ex et reprehenderit earum.', '9653330.00', '2019-07-05 13:53:29', '1979-12-10 03:59:09', 1, 'piscine.jpg', 46, 'voluptatem-harum-quisquam-qui-exercitationem-doloribus-cum-consequatur-quas-mollitia-dolorem-facere-magnam-ducimus-mollitia-consectetur-unde-dolores-illum-aliquid-vitae-facilis', 0, 98),
(764, 'Eos velit enim et officia vitae. Non quos iure recusandae omnis. Fugit facilis aut distinctio. Voluptas officia vel atque quia et eius aut.', 'Quos eligendi dolor sit. Id ducimus sequi nesciunt numquam. Et rerum et repellendus voluptate enim ea delectus. Et occaecati voluptates et magnam ea aut.', '630790.00', '2019-07-05 13:53:29', '2010-08-13 06:22:53', 1, 'parasol.jpg', 44, 'eos-velit-enim-et-officia-vitae-non-quos-iure-recusandae-omnis-fugit-facilis-aut-distinctio-voluptas-officia-vel-atque-quia-et-eius-aut', 0, 99),
(765, 'Aut ipsam aspernatur autem aut aspernatur rem. Vero praesentium est sint vel consequuntur nostrum. Quo omnis qui deleniti reiciendis voluptates et cumque.', 'Molestias exercitationem alias unde doloribus totam aut. Ut dolorem deserunt esse totam atque consequatur corporis. Qui dolorum ut eos sed soluta eos ipsa provident.', '8992448.00', '2019-07-05 13:53:29', '2004-02-05 16:07:47', 1, 'seau-de-plage1561969551.jpeg', 49, 'aut-ipsam-aspernatur-autem-aut-aspernatur-rem-vero-praesentium-est-sint-vel-consequuntur-nostrum-quo-omnis-qui-deleniti-reiciendis-voluptates-et-cumque', 0, 82),
(766, 'Reprehenderit rerum sapiente voluptas omnis. Voluptatem itaque aut consectetur laudantium repellat veritatis. Error ipsam rerum incidunt distinctio nisi. Nihil est molestiae aut quibusdam. Nihil non quod minima vel consectetur fuga dolor est.', 'Doloremque necessitatibus ut quia laboriosam. Amet omnis modi recusandae atque quo et aut ipsa. Numquam et et qui et.', '3886054.00', '2019-07-05 13:53:29', '1996-12-18 16:44:37', 1, 'table1561727671.jpeg', 51, 'reprehenderit-rerum-sapiente-voluptas-omnis-voluptatem-itaque-aut-consectetur-laudantium-repellat-veritatis-error-ipsam-rerum-incidunt-distinctio-nisi-nihil-est-molestiae-aut-quibusdam-nihil-non-quod-minima-vel-consectetur-fuga-dolor-est', 0, 93),
(767, 'Id et corrupti doloribus culpa aspernatur consequatur sunt. Id et qui alias explicabo laudantium omnis et ea. Voluptates aut ea blanditiis.', 'Rem ad est est culpa vitae voluptatem enim porro. Voluptates accusamus quia ut eos nesciunt quae. Eos voluptatem qui aut consequatur. Enim dolor recusandae voluptatibus molestiae non et.', '7651340.00', '2019-07-05 13:53:29', '1973-04-15 08:07:36', 0, 'chaise.jpg', 52, 'id-et-corrupti-doloribus-culpa-aspernatur-consequatur-sunt-id-et-qui-alias-explicabo-laudantium-omnis-et-ea-voluptates-aut-ea-blanditiis', 0, 96),
(768, 'Neque eos et amet dolores atque ea et. Corporis velit veritatis debitis dolor nesciunt culpa illum. Qui inventore nesciunt sed necessitatibus.', 'Eligendi qui fugit maiores dolores accusantium et quis. Voluptas quia error sit deleniti natus ea. Sapiente deleniti molestiae sed dolorum id omnis sit. Aliquid laboriosam asperiores nulla dolor aut.', '1564601.00', '2019-07-05 13:53:29', '2005-05-10 17:35:49', 0, 'volley.jpg', 50, 'neque-eos-et-amet-dolores-atque-ea-et-corporis-velit-veritatis-debitis-dolor-nesciunt-culpa-illum-qui-inventore-nesciunt-sed-necessitatibus', 0, 84),
(769, 'Vel reiciendis fugit molestias rerum fugit velit. Adipisci dolores sit voluptatem voluptatibus voluptatem at dolorem. Ea non qui magni praesentium consectetur. Reiciendis quia eaque cupiditate explicabo doloremque et.', 'Aut aliquid velit at. Et sapiente animi aliquam eaque laboriosam. Asperiores quis inventore accusantium consequuntur omnis dolores. Sit occaecati illo omnis illo cum.', '3515056.00', '2019-07-05 13:53:29', '1975-12-04 19:08:31', 1, 'seau-de-plage1561969551.jpeg', 48, 'vel-reiciendis-fugit-molestias-rerum-fugit-velit-adipisci-dolores-sit-voluptatem-voluptatibus-voluptatem-at-dolorem-ea-non-qui-magni-praesentium-consectetur-reiciendis-quia-eaque-cupiditate-explicabo-doloremque-et', 0, 90),
(770, 'At velit tenetur et tenetur qui qui. Enim reprehenderit incidunt quis reprehenderit illo aut. Numquam dignissimos blanditiis at ut odio consequatur. Porro vel rerum libero maxime similique dolorem.', 'Dicta doloremque tempora quos corrupti eius quam. Voluptatum voluptatem explicabo ex ducimus. Voluptas iure inventore temporibus porro eaque mollitia reiciendis.', '3312737.00', '2019-07-05 13:53:29', '1994-02-17 06:22:54', 0, 'chaise.jpg', 47, 'at-velit-tenetur-et-tenetur-qui-qui-enim-reprehenderit-incidunt-quis-reprehenderit-illo-aut-numquam-dignissimos-blanditiis-at-ut-odio-consequatur-porro-vel-rerum-libero-maxime-similique-dolorem', 0, 83);
INSERT INTO `produit` (`id`, `name`, `description`, `price`, `creation_date`, `modified_date`, `is_published`, `image_name`, `categories_id`, `slug`, `nb_views`, `author_id`) VALUES
(771, 'Iure et saepe voluptatem cum. Laudantium et aut ut quia id. Quia non magnam omnis nisi ad reprehenderit.', 'Explicabo eaque nihil laudantium placeat facilis. Sint cupiditate eaque ullam cupiditate a. Voluptate illum voluptatem porro. Sit sit et aut nam dicta.', '933131.00', '2019-07-05 13:53:29', '2010-07-30 10:43:38', 1, 'hamac.jpg', 44, 'iure-et-saepe-voluptatem-cum-laudantium-et-aut-ut-quia-id-quia-non-magnam-omnis-nisi-ad-reprehenderit', 0, 99),
(772, 'Quasi repellendus omnis dolor perspiciatis delectus veniam. Aut ea at est iste doloremque cupiditate. Ea natus laborum rerum autem repudiandae. Ipsa et et tempore laudantium facere et odio.', 'Aut et saepe itaque dolor doloremque numquam cum est. Eaque ipsum est quia totam ut deserunt sit. Illum voluptas et vero odit.', '8670418.00', '2019-07-05 13:53:29', '2012-06-20 22:14:46', 0, 'hamac.jpg', 51, 'quasi-repellendus-omnis-dolor-perspiciatis-delectus-veniam-aut-ea-at-est-iste-doloremque-cupiditate-ea-natus-laborum-rerum-autem-repudiandae-ipsa-et-et-tempore-laudantium-facere-et-odio', 0, 96),
(773, 'Voluptatum sit nihil deserunt ea at. Cum quam quam quis inventore quisquam totam nobis esse. Aut quia totam dolorum voluptas deserunt nihil. Incidunt a et nam aliquid.', 'Est mollitia cupiditate mollitia ab est. Libero officiis natus similique rerum quisquam quasi. Aut accusamus quae quod placeat voluptatem hic natus at.', '9432974.00', '2019-07-05 13:53:29', '1980-10-07 09:37:39', 0, 'parasol.jpg', 49, 'voluptatum-sit-nihil-deserunt-ea-at-cum-quam-quam-quis-inventore-quisquam-totam-nobis-esse-aut-quia-totam-dolorum-voluptas-deserunt-nihil-incidunt-a-et-nam-aliquid', 0, 87),
(774, 'Accusantium pariatur aspernatur autem dolorem alias nihil iste eum. Et est sint amet quo magni perspiciatis quaerat. Cupiditate sed inventore similique soluta et.', 'Incidunt magnam quasi sit repudiandae. Et repellat eum a dolor dolores consequuntur. Deserunt sapiente sunt debitis itaque. Vel et nihil omnis nihil qui explicabo quo.', '7122467.00', '2019-07-05 13:53:29', '1987-02-28 05:14:10', 0, 'salon-de-jardin1561969249.jpeg', 46, 'accusantium-pariatur-aspernatur-autem-dolorem-alias-nihil-iste-eum-et-est-sint-amet-quo-magni-perspiciatis-quaerat-cupiditate-sed-inventore-similique-soluta-et', 0, 80),
(775, 'Ipsa nisi consequatur dolor sed esse hic. Adipisci quasi qui quod. Dolorem expedita ut tempora laboriosam reprehenderit. Atque necessitatibus corporis in est iste.', 'Occaecati sint consequatur consequuntur soluta dicta neque tenetur repellat. Labore velit magnam recusandae consectetur. Officia iusto rerum nobis.', '4328364.00', '2019-07-05 13:53:29', '1983-08-17 04:57:56', 0, 'chaise.jpg', 50, 'ipsa-nisi-consequatur-dolor-sed-esse-hic-adipisci-quasi-qui-quod-dolorem-expedita-ut-tempora-laboriosam-reprehenderit-atque-necessitatibus-corporis-in-est-iste', 0, 91),
(776, 'Alias dignissimos sed rerum neque sint. Sapiente pariatur deleniti voluptatem vitae. Earum temporibus qui dolor neque quis. Ullam aspernatur eveniet ipsum ea.', 'Quod eius delectus necessitatibus facere assumenda dolorem voluptatem. Rerum nesciunt non sequi ut voluptatem facere cum optio. Cumque reiciendis impedit eos optio et mollitia.', '6857166.00', '2019-07-05 13:53:29', '1986-06-10 22:21:14', 0, 'seau-de-plage1561969551.jpeg', 44, 'alias-dignissimos-sed-rerum-neque-sint-sapiente-pariatur-deleniti-voluptatem-vitae-earum-temporibus-qui-dolor-neque-quis-ullam-aspernatur-eveniet-ipsum-ea', 0, 94),
(777, 'Necessitatibus accusamus illum velit et vitae possimus incidunt. Quos voluptate ab provident laudantium quasi dolorem sint. Omnis est quia recusandae pariatur.', 'Qui nostrum facere fugiat porro molestiae temporibus qui. Eius debitis omnis est rerum omnis aut. Optio temporibus et odit itaque.', '5187450.00', '2019-07-05 13:53:29', '2007-05-30 18:01:38', 0, 'salon-de-jardin1561969249.jpeg', 51, 'necessitatibus-accusamus-illum-velit-et-vitae-possimus-incidunt-quos-voluptate-ab-provident-laudantium-quasi-dolorem-sint-omnis-est-quia-recusandae-pariatur', 0, 88),
(778, 'A eum et officiis unde quos. Nulla beatae voluptas laboriosam consequatur. Occaecati rerum fugiat dolorum qui. Est ut voluptatem distinctio.', 'Culpa aut soluta consequatur. Ea autem voluptatum deserunt iusto ut. Quia ex mollitia sunt voluptatem natus qui officia necessitatibus.', '8146080.00', '2019-07-05 13:53:29', '1977-04-17 19:41:29', 1, 'seau-de-plage1561969551.jpeg', 44, 'a-eum-et-officiis-unde-quos-nulla-beatae-voluptas-laboriosam-consequatur-occaecati-rerum-fugiat-dolorum-qui-est-ut-voluptatem-distinctio', 0, 85),
(779, 'Doloribus tenetur enim distinctio est commodi accusantium. Perspiciatis sed aut libero minus est ducimus. Ipsum ut laudantium officiis perspiciatis et natus. Quae ut illo quis eos.', 'Omnis saepe exercitationem doloribus. Odio voluptatibus consequatur est corporis repellendus ratione qui assumenda. Et qui et quasi. Deleniti id tempora omnis nulla consequuntur.', '7149869.00', '2019-07-05 13:53:29', '2014-05-20 00:26:11', 0, 'salon-de-jardin1561969249.jpeg', 46, 'doloribus-tenetur-enim-distinctio-est-commodi-accusantium-perspiciatis-sed-aut-libero-minus-est-ducimus-ipsum-ut-laudantium-officiis-perspiciatis-et-natus-quae-ut-illo-quis-eos', 0, 87),
(780, 'Non aspernatur qui repellat est. Repudiandae totam error ipsum. Quibusdam corporis quo ipsa in aut ut. Aliquid impedit architecto ducimus repellendus eveniet odio.', 'Inventore alias nobis nostrum aspernatur blanditiis et non. Quas omnis iure commodi laborum deserunt optio.', '3383963.00', '2019-07-05 13:53:29', '1986-03-30 21:44:32', 1, 'volley.jpg', 49, 'non-aspernatur-qui-repellat-est-repudiandae-totam-error-ipsum-quibusdam-corporis-quo-ipsa-in-aut-ut-aliquid-impedit-architecto-ducimus-repellendus-eveniet-odio', 0, 98),
(781, 'Rerum animi consequatur sequi ipsam adipisci sed. Dolorem labore repellendus labore suscipit. Tenetur quae magnam dolorem ut sit nostrum occaecati. Minima maxime nulla blanditiis ut vitae.', 'Asperiores nostrum sed assumenda ab. Qui accusamus commodi cumque ut perspiciatis sit atque. Blanditiis incidunt numquam quia rerum et. Corporis quo iure eligendi vel sit.', '257050.00', '2019-07-05 13:53:29', '2014-10-01 00:33:05', 0, 'parasol.jpg', 44, 'rerum-animi-consequatur-sequi-ipsam-adipisci-sed-dolorem-labore-repellendus-labore-suscipit-tenetur-quae-magnam-dolorem-ut-sit-nostrum-occaecati-minima-maxime-nulla-blanditiis-ut-vitae', 0, 89),
(782, 'Minima repellendus voluptas cupiditate enim quisquam. Odio vel non quis rem quaerat. Eos omnis voluptas ipsam cumque qui cumque. Necessitatibus autem enim ipsum.', 'Dolorem fuga veniam consequatur cum. Commodi pariatur quis aperiam quis. Et molestias molestias est dolorem adipisci. Quis officiis odit in blanditiis aliquid.', '667483.00', '2019-07-05 13:53:29', '1973-04-07 05:42:19', 1, 'piscine.jpg', 44, 'minima-repellendus-voluptas-cupiditate-enim-quisquam-odio-vel-non-quis-rem-quaerat-eos-omnis-voluptas-ipsam-cumque-qui-cumque-necessitatibus-autem-enim-ipsum', 0, 90),
(783, 'Aut sit vel fugiat. Ut quos et esse voluptas et et necessitatibus nihil. Soluta doloribus sed et voluptates. Consequuntur quis dolores dolorem rerum ex.', 'Error beatae deserunt quas quam. Velit reiciendis ipsa consectetur molestiae est sit omnis. Dolores harum nam qui omnis veritatis sit sit est.', '9745219.00', '2019-07-05 13:53:29', '2005-04-02 06:12:01', 1, 'table1561727671.jpeg', 52, 'aut-sit-vel-fugiat-ut-quos-et-esse-voluptas-et-et-necessitatibus-nihil-soluta-doloribus-sed-et-voluptates-consequuntur-quis-dolores-dolorem-rerum-ex', 0, 80),
(784, 'Architecto autem quas aliquam impedit. Sed neque sint placeat velit laudantium. Similique asperiores aut libero dolor magnam aut omnis. Inventore fugiat quidem soluta nam molestiae. Dicta at sit et harum. Et temporibus illum at ea.', 'Et est ipsam dolorum debitis id necessitatibus numquam. Pariatur eum ad nesciunt nam reprehenderit error. A magni recusandae assumenda et veniam laboriosam.', '1996001.00', '2019-07-05 13:53:29', '2010-04-25 02:51:33', 1, 'chaise.jpg', 51, 'architecto-autem-quas-aliquam-impedit-sed-neque-sint-placeat-velit-laudantium-similique-asperiores-aut-libero-dolor-magnam-aut-omnis-inventore-fugiat-quidem-soluta-nam-molestiae-dicta-at-sit-et-harum-et-temporibus-illum-at-ea', 0, 98),
(785, 'Nobis et fuga eos error reprehenderit. Ut suscipit hic tempore eaque nostrum excepturi rem. Unde voluptas omnis minima expedita sit. Fuga cumque enim corporis temporibus placeat asperiores.', 'Voluptatem corrupti voluptatem optio ut nesciunt facere. A et iusto repellat minima modi. Tempora quia blanditiis quaerat expedita accusamus nihil hic. Est atque alias facere in.', '6030738.00', '2019-07-05 13:53:29', '1973-04-03 12:16:49', 0, 'seau-de-plage1561969551.jpeg', 53, 'nobis-et-fuga-eos-error-reprehenderit-ut-suscipit-hic-tempore-eaque-nostrum-excepturi-rem-unde-voluptas-omnis-minima-expedita-sit-fuga-cumque-enim-corporis-temporibus-placeat-asperiores', 0, 94),
(786, 'Explicabo facere atque ut repellendus. Et dignissimos rerum recusandae dolorem nisi perferendis. Aut omnis eveniet qui odit quisquam repellat. Iure laborum quas ut ea voluptatem odit voluptatem. Tenetur hic ut repellat sunt vitae at debitis.', 'Suscipit et excepturi incidunt. Fugit dicta ea minus ea eligendi ex consequatur. Et rerum possimus blanditiis.', '1904728.00', '2019-07-05 13:53:29', '2005-04-01 09:52:45', 0, 'piscine.jpg', 44, 'explicabo-facere-atque-ut-repellendus-et-dignissimos-rerum-recusandae-dolorem-nisi-perferendis-aut-omnis-eveniet-qui-odit-quisquam-repellat-iure-laborum-quas-ut-ea-voluptatem-odit-voluptatem-tenetur-hic-ut-repellat-sunt-vitae-at-debitis', 0, 86),
(787, 'Expedita vel veritatis facere eveniet velit. Facilis facere in sed totam repudiandae tenetur. Officiis impedit nihil nihil.', 'Eum reiciendis perferendis quo et sint velit nesciunt. Ea natus quod sapiente delectus. Quia et accusantium reprehenderit aut pariatur.', '4008871.00', '2019-07-05 13:53:29', '2005-09-05 12:30:23', 0, 'piscine.jpg', 52, 'expedita-vel-veritatis-facere-eveniet-velit-facilis-facere-in-sed-totam-repudiandae-tenetur-officiis-impedit-nihil-nihil', 0, 92),
(788, 'Veniam consectetur commodi sit sunt enim. Sed velit tempora in corrupti magni. Et qui aut ipsam excepturi adipisci.', 'Doloribus officia quod sit impedit et. Dolores laudantium vel iste omnis sit vel id facere. Ut voluptas vero consequuntur reiciendis et doloribus. Labore sit vel dignissimos magni impedit.', '4933354.00', '2019-07-05 13:53:29', '1994-07-22 08:11:22', 1, 'table1561727671.jpeg', 49, 'veniam-consectetur-commodi-sit-sunt-enim-sed-velit-tempora-in-corrupti-magni-et-qui-aut-ipsam-excepturi-adipisci', 0, 87),
(789, 'Mollitia vel rerum aperiam quisquam ullam ut. Illo in assumenda commodi doloribus et consequatur. Quia non quo nihil autem dicta. Voluptas id commodi sed neque.', 'Temporibus tenetur maxime reiciendis voluptatem. Voluptates enim labore ut quaerat. Non fugiat facere ducimus.', '3550598.00', '2019-07-05 13:53:29', '1975-07-05 23:51:42', 1, 'volley.jpg', 49, 'mollitia-vel-rerum-aperiam-quisquam-ullam-ut-illo-in-assumenda-commodi-doloribus-et-consequatur-quia-non-quo-nihil-autem-dicta-voluptas-id-commodi-sed-neque', 0, 93),
(790, 'Saepe molestiae ad mollitia quia qui saepe. Perferendis adipisci ullam explicabo et ducimus libero. Non enim deserunt quisquam consequatur aperiam architecto. Autem commodi illum et.', 'Numquam ipsum ipsum rerum atque quam provident. Totam enim aliquid impedit voluptas amet magni eum. Cum quam necessitatibus natus voluptas et quos impedit.', '8071873.00', '2019-07-05 13:53:29', '1978-05-09 20:18:22', 1, 'piscine.jpg', 46, 'saepe-molestiae-ad-mollitia-quia-qui-saepe-perferendis-adipisci-ullam-explicabo-et-ducimus-libero-non-enim-deserunt-quisquam-consequatur-aperiam-architecto-autem-commodi-illum-et', 0, 85),
(791, 'Aut perspiciatis recusandae facilis illum. Culpa tempora alias ut laboriosam qui aut quaerat. Eos eum vitae et dolores temporibus ea. Dolore corrupti adipisci porro dicta et fuga.', 'Dolor exercitationem sequi ad voluptatum. Illo aut sed quo dicta eos et laudantium ab.', '366178.00', '2019-07-05 13:53:29', '1986-10-21 15:21:18', 0, 'salon-de-jardin1561969249.jpeg', 52, 'aut-perspiciatis-recusandae-facilis-illum-culpa-tempora-alias-ut-laboriosam-qui-aut-quaerat-eos-eum-vitae-et-dolores-temporibus-ea-dolore-corrupti-adipisci-porro-dicta-et-fuga', 0, 81),
(792, 'Nostrum a culpa aperiam harum nobis corrupti. Quasi rerum id voluptates non. Reiciendis qui sint sed repudiandae eos labore eius. Quo ipsa eius qui odio velit fuga sunt sit. Dolores incidunt illo ea nihil a vitae saepe. Aliquid atque soluta at.', 'Assumenda eos consectetur ab qui. Repellendus qui dolor possimus. Iusto quas nisi facilis iste provident repellat accusamus.', '5426007.00', '2019-07-05 13:53:29', '1970-03-03 14:34:01', 1, 'chaise.jpg', 48, 'nostrum-a-culpa-aperiam-harum-nobis-corrupti-quasi-rerum-id-voluptates-non-reiciendis-qui-sint-sed-repudiandae-eos-labore-eius-quo-ipsa-eius-qui-odio-velit-fuga-sunt-sit-dolores-incidunt-illo-ea-nihil-a-vitae-saepe-aliquid-atque-soluta-at', 0, 87),
(793, 'Quia aliquam animi rem est exercitationem voluptatum non. Voluptas eius vel sit culpa itaque ut qui et. Et earum dolores provident fugit. Esse est esse autem iure.', 'Nulla voluptatum deleniti consequatur nemo. Aut sequi officiis beatae aliquam aspernatur. Illo voluptatibus et consectetur. Est labore vitae perferendis omnis occaecati.', '9062784.00', '2019-07-05 13:53:29', '1972-04-09 21:26:31', 1, 'parasol.jpg', 50, 'quia-aliquam-animi-rem-est-exercitationem-voluptatum-non-voluptas-eius-vel-sit-culpa-itaque-ut-qui-et-et-earum-dolores-provident-fugit-esse-est-esse-autem-iure', 0, 87),
(794, 'Explicabo fugiat voluptatem et. Quia a reiciendis vel dignissimos dolor voluptas aut quas. Animi consequatur deleniti fugit aperiam rerum incidunt molestias. Id eum quas fugiat aspernatur exercitationem.', 'Fugit voluptatem consequatur id ut sunt. Velit incidunt dignissimos eum. Sint ut exercitationem et rerum accusantium enim. Accusantium vitae consequatur et cupiditate sequi impedit quidem.', '9893403.00', '2019-07-05 13:53:29', '1987-09-02 03:04:14', 0, 'chaise.jpg', 48, 'explicabo-fugiat-voluptatem-et-quia-a-reiciendis-vel-dignissimos-dolor-voluptas-aut-quas-animi-consequatur-deleniti-fugit-aperiam-rerum-incidunt-molestias-id-eum-quas-fugiat-aspernatur-exercitationem', 0, 80),
(795, 'Sed laboriosam unde in maiores. Ut maxime a a accusantium sint magni repellendus. Qui temporibus nisi magni quis in ratione laudantium minus. Id tenetur corrupti ut cumque. Eos quia ullam rerum expedita enim ipsum.', 'Voluptatem modi sed est doloremque delectus sit. Temporibus eos ea officia quisquam est. Ut repellat quos maxime dolorum. Voluptas tempora occaecati quas possimus laboriosam et numquam nam.', '2544867.00', '2019-07-05 13:53:29', '1987-02-25 05:49:21', 1, 'parasol.jpg', 46, 'sed-laboriosam-unde-in-maiores-ut-maxime-a-a-accusantium-sint-magni-repellendus-qui-temporibus-nisi-magni-quis-in-ratione-laudantium-minus-id-tenetur-corrupti-ut-cumque-eos-quia-ullam-rerum-expedita-enim-ipsum', 0, 85),
(796, 'Dolorum nobis maiores consequatur voluptas. Eum saepe deleniti aliquid eveniet. Quos mollitia officia nobis illum a.', 'Odio dolorum voluptatem error. Autem voluptas accusamus qui illo eos ut voluptas. Maxime aut explicabo sunt ea. Et molestias accusamus facere incidunt dolor sit.', '6100137.00', '2019-07-05 13:53:29', '2015-07-07 13:24:17', 0, 'parasol.jpg', 44, 'dolorum-nobis-maiores-consequatur-voluptas-eum-saepe-deleniti-aliquid-eveniet-quos-mollitia-officia-nobis-illum-a', 0, 90),
(797, 'Repudiandae id autem ut dolorem voluptate. Non rerum ea alias eius odit. Officia quam eum autem ut in est deleniti. Quia aut et qui velit qui neque provident. Soluta accusamus sed eligendi quidem non sed voluptatem. Ad maiores nulla neque aut.', 'Et unde non aut molestiae illo est ipsa. Assumenda molestiae aperiam repudiandae laboriosam ullam quasi quas. Laborum corporis et sunt et incidunt.', '4938993.00', '2019-07-05 13:53:29', '1979-10-28 18:25:59', 1, 'parasol.jpg', 45, 'repudiandae-id-autem-ut-dolorem-voluptate-non-rerum-ea-alias-eius-odit-officia-quam-eum-autem-ut-in-est-deleniti-quia-aut-et-qui-velit-qui-neque-provident-soluta-accusamus-sed-eligendi-quidem-non-sed-voluptatem-ad-maiores-nulla-neque-aut', 0, 82),
(798, 'Numquam eos officiis quisquam dolorem sit. Qui molestias magni voluptatum quisquam dolorum esse aliquid. Iusto aut consequuntur adipisci pariatur id dolores.', 'Dolorum dolor eos esse enim sapiente fuga. Dolore tempore exercitationem qui in blanditiis assumenda. Aperiam adipisci perspiciatis voluptatem aliquid et sit.', '5488096.00', '2019-07-05 13:53:29', '1973-12-19 19:55:29', 1, 'piscine.jpg', 45, 'numquam-eos-officiis-quisquam-dolorem-sit-qui-molestias-magni-voluptatum-quisquam-dolorum-esse-aliquid-iusto-aut-consequuntur-adipisci-pariatur-id-dolores', 0, 81),
(799, 'Voluptates autem dolorem odio qui aut sit. Quia et non sunt. Odio fuga optio error. Officiis quas labore sed rerum est id voluptatibus. Inventore autem rem velit sed itaque reiciendis.', 'Tempore dolorem ex et hic. Et autem earum porro recusandae cupiditate voluptatem excepturi. Molestiae enim perferendis repellendus maxime culpa. Voluptates sit molestias at.', '8723874.00', '2019-07-05 13:53:29', '1986-12-23 18:46:06', 0, 'parasol.jpg', 51, 'voluptates-autem-dolorem-odio-qui-aut-sit-quia-et-non-sunt-odio-fuga-optio-error-officiis-quas-labore-sed-rerum-est-id-voluptatibus-inventore-autem-rem-velit-sed-itaque-reiciendis', 0, 94);

-- --------------------------------------------------------

--
-- Structure de la table `produit_tag`
--

DROP TABLE IF EXISTS `produit_tag`;
CREATE TABLE IF NOT EXISTS `produit_tag` (
  `produit_id` int(11) NOT NULL,
  `tag_id` int(11) NOT NULL,
  PRIMARY KEY (`produit_id`,`tag_id`),
  KEY `IDX_423DC0FAF347EFB` (`produit_id`),
  KEY `IDX_423DC0FABAD26311` (`tag_id`)
) ENGINE=InnoDB DEFAULT CHARSET=utf8mb4 COLLATE=utf8mb4_unicode_ci;

-- --------------------------------------------------------

--
-- Structure de la table `tag`
--

DROP TABLE IF EXISTS `tag`;
CREATE TABLE IF NOT EXISTS `tag` (
  `id` int(11) NOT NULL AUTO_INCREMENT,
  `label` varchar(255) COLLATE utf8mb4_unicode_ci NOT NULL,
  PRIMARY KEY (`id`)
) ENGINE=InnoDB AUTO_INCREMENT=103 DEFAULT CHARSET=utf8mb4 COLLATE=utf8mb4_unicode_ci;

--
-- Déchargement des données de la table `tag`
--

INSERT INTO `tag` (`id`, `label`) VALUES
(83, 'Mollitia provident quis velit amet eos quidem. Facilis qui quidem veniam dicta quia. Consequuntur et sunt officiis quos repellendus ut. Esse neque quasi cumque est. Accusamus beatae dignissimos deserunt illo possimus.'),
(84, 'Ut omnis dolores mollitia minima ducimus. Nemo sit ipsum officia omnis non quisquam doloremque. Quasi voluptatem ut ea impedit nihil.'),
(85, 'Quia nihil esse aspernatur illum neque est molestiae ea. Fugit ducimus facere provident blanditiis id beatae quo beatae. In velit alias et sint rerum tempore est.'),
(86, 'Maiores et eos rem tempora eos tempore. Laudantium labore maxime voluptatum. Aspernatur nemo non nihil esse. Adipisci aliquam esse quis ratione sapiente eos. Quam laboriosam iste praesentium id.'),
(87, 'Error rem quo possimus dolor ipsum sequi eius. Voluptatum ut natus aut enim ratione aut aut.'),
(88, 'Voluptatem tempore voluptatum voluptas voluptatibus ratione voluptas. Voluptas totam quo deserunt tempore sit. Veniam veritatis aspernatur quo tempora necessitatibus tempore repudiandae quia.'),
(89, 'Et atque maxime ut dolorum. Id et officiis id eveniet occaecati. Placeat ut odit doloribus nihil omnis et. Alias consequatur distinctio sed aperiam officia.'),
(90, 'Possimus molestiae eum vel aut expedita. Dolore in ex quam cumque harum architecto quo. Hic ex sequi sit qui. Laudantium et consequatur nostrum voluptatem aliquid aperiam.'),
(91, 'Autem sunt minus id commodi. Quae corrupti et nihil dolorem modi est. Perspiciatis non porro aut recusandae. Quae omnis vel et veniam. Aspernatur consequuntur qui laboriosam nesciunt. Corporis incidunt esse earum assumenda.'),
(92, 'Ad unde molestiae ut velit. Architecto possimus repudiandae ut sequi error saepe. Ut temporibus explicabo in. Numquam dicta voluptas autem quam ad excepturi dolorem. Et officia numquam et fugit eos. Commodi facilis iste ipsa suscipit.'),
(93, 'Est molestiae qui sit enim ut voluptas. Et dolores quas et rerum beatae sint ut. Quaerat quia voluptatem molestiae aut reprehenderit. Illo dolorum numquam omnis ducimus corporis laudantium aut.'),
(94, 'Consequatur iusto nesciunt aliquam consequatur. Sunt nesciunt dolore vitae corporis pariatur. Ducimus praesentium beatae assumenda vitae ipsam magnam rem. At labore voluptatibus harum est dolorum sunt mollitia.'),
(95, 'Quo ab dolorem sunt ut quo. Illo aliquid molestias molestiae laboriosam at. Voluptates sed praesentium quas sint. Vel dolores tempora voluptate in aut officia.'),
(96, 'Blanditiis eum et molestiae cum dolorem itaque dolor. Qui vel quia aut velit velit beatae quas. Temporibus et qui nisi repellendus doloremque minima tempore. Sunt qui nostrum aut aliquam. Voluptas in repellendus ducimus ut doloribus.'),
(97, 'Consectetur ad aliquid mollitia deleniti labore ut id. Blanditiis deserunt excepturi laudantium labore atque minima iure. Sed hic ut aut dignissimos beatae magnam. Qui quam voluptatum eaque magni dolorem. Voluptatem odit et illum quaerat fuga sit labore.'),
(98, 'Deleniti consequatur labore sint dolorem. Ea rerum reiciendis recusandae temporibus voluptate quod. Aliquid nisi consectetur qui quae modi modi ea. Atque exercitationem est consequatur earum sunt. Repudiandae tempora aut dolorem aspernatur esse.'),
(99, 'Dolore voluptas debitis illo quaerat non. Ea qui quos deserunt neque at et. Consequuntur dolorum et quo iste nobis. Dolores quis placeat id eveniet nisi earum voluptatem.'),
(100, 'Quis eligendi accusamus nostrum ab qui. Consectetur voluptas rem quam. Alias facere hic dolore ea in quis. Voluptatem aut accusantium tenetur vel.'),
(101, 'Non molestias rerum autem maiores. Alias fugit consequatur molestiae non soluta cum. Voluptas aut debitis sed cum repellat quia. Explicabo repellat qui eum veritatis.'),
(102, 'Voluptatem vel rem atque. Dolorem est sit consectetur sit. Labore rerum sequi sequi ea. Cupiditate occaecati at molestiae sit voluptatem corporis. Quos laboriosam dolorem dolorem est excepturi.');

--
-- Contraintes pour les tables déchargées
--

--
-- Contraintes pour la table `produit`
--
ALTER TABLE `produit`
  ADD CONSTRAINT `FK_29A5EC27A21214B7` FOREIGN KEY (`categories_id`) REFERENCES `category` (`id`),
  ADD CONSTRAINT `FK_29A5EC27F675F31B` FOREIGN KEY (`author_id`) REFERENCES `app_user` (`id`);

--
-- Contraintes pour la table `produit_tag`
--
ALTER TABLE `produit_tag`
  ADD CONSTRAINT `FK_423DC0FABAD26311` FOREIGN KEY (`tag_id`) REFERENCES `tag` (`id`) ON DELETE CASCADE,
  ADD CONSTRAINT `FK_423DC0FAF347EFB` FOREIGN KEY (`produit_id`) REFERENCES `produit` (`id`) ON DELETE CASCADE;
COMMIT;

/*!40101 SET CHARACTER_SET_CLIENT=@OLD_CHARACTER_SET_CLIENT */;
/*!40101 SET CHARACTER_SET_RESULTS=@OLD_CHARACTER_SET_RESULTS */;
/*!40101 SET COLLATION_CONNECTION=@OLD_COLLATION_CONNECTION */;
